month,sku,component,plant,demand
2024-01-01,SKU-01-01,Semiconductor,Pune,3324
2024-02-01,SKU-01-01,Semiconductor,Pune,3974
2024-03-01,SKU-01-01,Semiconductor,Pune,4159
2024-04-01,SKU-01-01,Semiconductor,Pune,3687
2024-05-01,SKU-01-01,Semiconductor,Pune,3742
2024-06-01,SKU-01-01,Semiconductor,Pune,4457
2024-07-01,SKU-01-01,Semiconductor,Pune,3589
2024-08-01,SKU-01-01,Semiconductor,Pune,3595
2024-09-01,SKU-01-01,Semiconductor,Pune,3027
2024-10-01,SKU-01-01,Semiconductor,Pune,3469
2024-11-01,SKU-01-01,Semiconductor,Pune,3848
2024-12-01,SKU-01-01,Semiconductor,Pune,3500
2025-01-01,SKU-01-01,Semiconductor,Pune,4006
2025-02-01,SKU-01-01,Semiconductor,Pune,3359
2025-03-01,SKU-01-01,Semiconductor,Pune,3385
2025-04-01,SKU-01-01,Semiconductor,Pune,3659
2025-05-01,SKU-01-01,Semiconductor,Pune,4018
2025-06-01,SKU-01-01,Semiconductor,Pune,4189
2025-07-01,SKU-01-01,Semiconductor,Pune,3460
2025-08-01,SKU-01-01,Semiconductor,Pune,3621
2025-09-01,SKU-01-01,Semiconductor,Pune,3546
2025-10-01,SKU-01-01,Semiconductor,Pune,3597
2025-11-01,SKU-01-01,Semiconductor,Pune,3609
2025-12-01,SKU-01-01,Semiconductor,Pune,3658
2024-01-01,SKU-01-02,Semiconductor,Pune,664
2024-02-01,SKU-01-02,Semiconductor,Pune,781
2024-03-01,SKU-01-02,Semiconductor,Pune,686
2024-04-01,SKU-01-02,Semiconductor,Pune,728
2024-05-01,SKU-01-02,Semiconductor,Pune,710
2024-06-01,SKU-01-02,Semiconductor,Pune,753
2024-07-01,SKU-01-02,Semiconductor,Pune,779
2024-08-01,SKU-01-02,Semiconductor,Pune,767
2024-09-01,SKU-01-02,Semiconductor,Pune,684
2024-10-01,SKU-01-02,Semiconductor,Pune,720
2024-11-01,SKU-01-02,Semiconductor,Pune,582
2024-12-01,SKU-01-02,Semiconductor,Pune,794
2025-01-01,SKU-01-02,Semiconductor,Pune,831
2025-02-01,SKU-01-02,Semiconductor,Pune,774
2025-03-01,SKU-01-02,Semiconductor,Pune,730
2025-04-01,SKU-01-02,Semiconductor,Pune,903
2025-05-01,SKU-01-02,Semiconductor,Pune,854
2025-06-01,SKU-01-02,Semiconductor,Pune,816
2025-07-01,SKU-01-02,Semiconductor,Pune,713
2025-08-01,SKU-01-02,Semiconductor,Pune,745
2025-09-01,SKU-01-02,Semiconductor,Pune,699
2025-10-01,SKU-01-02,Semiconductor,Pune,617
2025-11-01,SKU-01-02,Semiconductor,Pune,711
2025-12-01,SKU-01-02,Semiconductor,Pune,788
2024-01-01,SKU-01-03,Semiconductor,Bengaluru EV Plant,5058
2024-02-01,SKU-01-03,Semiconductor,Bengaluru EV Plant,5905
2024-03-01,SKU-01-03,Semiconductor,Bengaluru EV Plant,5241
2024-04-01,SKU-01-03,Semiconductor,Bengaluru EV Plant,5306
2024-05-01,SKU-01-03,Semiconductor,Bengaluru EV Plant,4737
2024-06-01,SKU-01-03,Semiconductor,Bengaluru EV Plant,6173
2024-07-01,SKU-01-03,Semiconductor,Bengaluru EV Plant,4202
2024-08-01,SKU-01-03,Semiconductor,Bengaluru EV Plant,4755
2024-09-01,SKU-01-03,Semiconductor,Bengaluru EV Plant,4839
2024-10-01,SKU-01-03,Semiconductor,Bengaluru EV Plant,5319
2024-11-01,SKU-01-03,Semiconductor,Bengaluru EV Plant,4260
2024-12-01,SKU-01-03,Semiconductor,Bengaluru EV Plant,5359
2025-01-01,SKU-01-03,Semiconductor,Bengaluru EV Plant,5276
2025-02-01,SKU-01-03,Semiconductor,Bengaluru EV Plant,5290
2025-03-01,SKU-01-03,Semiconductor,Bengaluru EV Plant,5378
2025-04-01,SKU-01-03,Semiconductor,Bengaluru EV Plant,5230
2025-05-01,SKU-01-03,Semiconductor,Bengaluru EV Plant,5768
2025-06-01,SKU-01-03,Semiconductor,Bengaluru EV Plant,5438
2025-07-01,SKU-01-03,Semiconductor,Bengaluru EV Plant,4766
2025-08-01,SKU-01-03,Semiconductor,Bengaluru EV Plant,4810
2025-09-01,SKU-01-03,Semiconductor,Bengaluru EV Plant,5027
2025-10-01,SKU-01-03,Semiconductor,Bengaluru EV Plant,4797
2025-11-01,SKU-01-03,Semiconductor,Bengaluru EV Plant,4769
2025-12-01,SKU-01-03,Semiconductor,Bengaluru EV Plant,4461
2024-01-01,SKU-01-04,Semiconductor,Pune,2615
2024-02-01,SKU-01-04,Semiconductor,Pune,2568
2024-03-01,SKU-01-04,Semiconductor,Pune,2905
2024-04-01,SKU-01-04,Semiconductor,Pune,3269
2024-05-01,SKU-01-04,Semiconductor,Pune,2617
2024-06-01,SKU-01-04,Semiconductor,Pune,2619
2024-07-01,SKU-01-04,Semiconductor,Pune,2240
2024-08-01,SKU-01-04,Semiconductor,Pune,2448
2024-09-01,SKU-01-04,Semiconductor,Pune,2479
2024-10-01,SKU-01-04,Semiconductor,Pune,2215
2024-11-01,SKU-01-04,Semiconductor,Pune,2468
2024-12-01,SKU-01-04,Semiconductor,Pune,2513
2025-01-01,SKU-01-04,Semiconductor,Pune,2499
2025-02-01,SKU-01-04,Semiconductor,Pune,2820
2025-03-01,SKU-01-04,Semiconductor,Pune,3147
2025-04-01,SKU-01-04,Semiconductor,Pune,2579
2025-05-01,SKU-01-04,Semiconductor,Pune,2484
2025-06-01,SKU-01-04,Semiconductor,Pune,2460
2025-07-01,SKU-01-04,Semiconductor,Pune,2284
2025-08-01,SKU-01-04,Semiconductor,Pune,2322
2025-09-01,SKU-01-04,Semiconductor,Pune,2264
2025-10-01,SKU-01-04,Semiconductor,Pune,2356
2025-11-01,SKU-01-04,Semiconductor,Pune,2021
2025-12-01,SKU-01-04,Semiconductor,Pune,2449
2024-01-01,SKU-01-05,Semiconductor,Pune,7410
2024-02-01,SKU-01-05,Semiconductor,Pune,7229
2024-03-01,SKU-01-05,Semiconductor,Pune,7758
2024-04-01,SKU-01-05,Semiconductor,Pune,8497
2024-05-01,SKU-01-05,Semiconductor,Pune,8269
2024-06-01,SKU-01-05,Semiconductor,Pune,7464
2024-07-01,SKU-01-05,Semiconductor,Pune,7390
2024-08-01,SKU-01-05,Semiconductor,Pune,7506
2024-09-01,SKU-01-05,Semiconductor,Pune,6875
2024-10-01,SKU-01-05,Semiconductor,Pune,6070
2024-11-01,SKU-01-05,Semiconductor,Pune,7439
2024-12-01,SKU-01-05,Semiconductor,Pune,7174
2025-01-01,SKU-01-05,Semiconductor,Pune,6659
2025-02-01,SKU-01-05,Semiconductor,Pune,6448
2025-03-01,SKU-01-05,Semiconductor,Pune,8068
2025-04-01,SKU-01-05,Semiconductor,Pune,8017
2025-05-01,SKU-01-05,Semiconductor,Pune,6790
2025-06-01,SKU-01-05,Semiconductor,Pune,7447
2025-07-01,SKU-01-05,Semiconductor,Pune,7032
2025-08-01,SKU-01-05,Semiconductor,Pune,6434
2025-09-01,SKU-01-05,Semiconductor,Pune,6956
2025-10-01,SKU-01-05,Semiconductor,Pune,6005
2025-11-01,SKU-01-05,Semiconductor,Pune,7396
2025-12-01,SKU-01-05,Semiconductor,Pune,6707
2024-01-01,SKU-01-06,Semiconductor,Bengaluru EV Plant,8594
2024-02-01,SKU-01-06,Semiconductor,Bengaluru EV Plant,9021
2024-03-01,SKU-01-06,Semiconductor,Bengaluru EV Plant,8124
2024-04-01,SKU-01-06,Semiconductor,Bengaluru EV Plant,8002
2024-05-01,SKU-01-06,Semiconductor,Bengaluru EV Plant,9650
2024-06-01,SKU-01-06,Semiconductor,Bengaluru EV Plant,7349
2024-07-01,SKU-01-06,Semiconductor,Bengaluru EV Plant,7233
2024-08-01,SKU-01-06,Semiconductor,Bengaluru EV Plant,7662
2024-09-01,SKU-01-06,Semiconductor,Bengaluru EV Plant,6896
2024-10-01,SKU-01-06,Semiconductor,Bengaluru EV Plant,8342
2024-11-01,SKU-01-06,Semiconductor,Bengaluru EV Plant,7980
2024-12-01,SKU-01-06,Semiconductor,Bengaluru EV Plant,6769
2025-01-01,SKU-01-06,Semiconductor,Bengaluru EV Plant,7997
2025-02-01,SKU-01-06,Semiconductor,Bengaluru EV Plant,8157
2025-03-01,SKU-01-06,Semiconductor,Bengaluru EV Plant,8619
2025-04-01,SKU-01-06,Semiconductor,Bengaluru EV Plant,8391
2025-05-01,SKU-01-06,Semiconductor,Bengaluru EV Plant,7696
2025-06-01,SKU-01-06,Semiconductor,Bengaluru EV Plant,7938
2025-07-01,SKU-01-06,Semiconductor,Bengaluru EV Plant,7354
2025-08-01,SKU-01-06,Semiconductor,Bengaluru EV Plant,6377
2025-09-01,SKU-01-06,Semiconductor,Bengaluru EV Plant,6981
2025-10-01,SKU-01-06,Semiconductor,Bengaluru EV Plant,7038
2025-11-01,SKU-01-06,Semiconductor,Bengaluru EV Plant,7401
2025-12-01,SKU-01-06,Semiconductor,Bengaluru EV Plant,7863
2024-01-01,SKU-01-07,Semiconductor,Gurugram,1757
2024-02-01,SKU-01-07,Semiconductor,Gurugram,1842
2024-03-01,SKU-01-07,Semiconductor,Gurugram,1899
2024-04-01,SKU-01-07,Semiconductor,Gurugram,2076
2024-05-01,SKU-01-07,Semiconductor,Gurugram,2140
2024-06-01,SKU-01-07,Semiconductor,Gurugram,1986
2024-07-01,SKU-01-07,Semiconductor,Gurugram,1729
2024-08-01,SKU-01-07,Semiconductor,Gurugram,1825
2024-09-01,SKU-01-07,Semiconductor,Gurugram,1841
2024-10-01,SKU-01-07,Semiconductor,Gurugram,1648
2024-11-01,SKU-01-07,Semiconductor,Gurugram,1981
2024-12-01,SKU-01-07,Semiconductor,Gurugram,1916
2025-01-01,SKU-01-07,Semiconductor,Gurugram,1618
2025-02-01,SKU-01-07,Semiconductor,Gurugram,2116
2025-03-01,SKU-01-07,Semiconductor,Gurugram,2238
2025-04-01,SKU-01-07,Semiconductor,Gurugram,2172
2025-05-01,SKU-01-07,Semiconductor,Gurugram,2152
2025-06-01,SKU-01-07,Semiconductor,Gurugram,2078
2025-07-01,SKU-01-07,Semiconductor,Gurugram,2187
2025-08-01,SKU-01-07,Semiconductor,Gurugram,1745
2025-09-01,SKU-01-07,Semiconductor,Gurugram,1819
2025-10-01,SKU-01-07,Semiconductor,Gurugram,1657
2025-11-01,SKU-01-07,Semiconductor,Gurugram,1862
2025-12-01,SKU-01-07,Semiconductor,Gurugram,1982
2024-01-01,SKU-01-08,Semiconductor,Sanand,2877
2024-02-01,SKU-01-08,Semiconductor,Sanand,2660
2024-03-01,SKU-01-08,Semiconductor,Sanand,3086
2024-04-01,SKU-01-08,Semiconductor,Sanand,3082
2024-05-01,SKU-01-08,Semiconductor,Sanand,3191
2024-06-01,SKU-01-08,Semiconductor,Sanand,2824
2024-07-01,SKU-01-08,Semiconductor,Sanand,2618
2024-08-01,SKU-01-08,Semiconductor,Sanand,2954
2024-09-01,SKU-01-08,Semiconductor,Sanand,2582
2024-10-01,SKU-01-08,Semiconductor,Sanand,2781
2024-11-01,SKU-01-08,Semiconductor,Sanand,2519
2024-12-01,SKU-01-08,Semiconductor,Sanand,2901
2025-01-01,SKU-01-08,Semiconductor,Sanand,2956
2025-02-01,SKU-01-08,Semiconductor,Sanand,2966
2025-03-01,SKU-01-08,Semiconductor,Sanand,3520
2025-04-01,SKU-01-08,Semiconductor,Sanand,3354
2025-05-01,SKU-01-08,Semiconductor,Sanand,2991
2025-06-01,SKU-01-08,Semiconductor,Sanand,3018
2025-07-01,SKU-01-08,Semiconductor,Sanand,3022
2025-08-01,SKU-01-08,Semiconductor,Sanand,2658
2025-09-01,SKU-01-08,Semiconductor,Sanand,2579
2025-10-01,SKU-01-08,Semiconductor,Sanand,2836
2025-11-01,SKU-01-08,Semiconductor,Sanand,2832
2025-12-01,SKU-01-08,Semiconductor,Sanand,2827
2024-01-01,SKU-02-01,Battery Cell,Chennai,2433
2024-02-01,SKU-02-01,Battery Cell,Chennai,2986
2024-03-01,SKU-02-01,Battery Cell,Chennai,3063
2024-04-01,SKU-02-01,Battery Cell,Chennai,3505
2024-05-01,SKU-02-01,Battery Cell,Chennai,3297
2024-06-01,SKU-02-01,Battery Cell,Chennai,2711
2024-07-01,SKU-02-01,Battery Cell,Chennai,2379
2024-08-01,SKU-02-01,Battery Cell,Chennai,2416
2024-09-01,SKU-02-01,Battery Cell,Chennai,2501
2024-10-01,SKU-02-01,Battery Cell,Chennai,2510
2024-11-01,SKU-02-01,Battery Cell,Chennai,2572
2024-12-01,SKU-02-01,Battery Cell,Chennai,2489
2025-01-01,SKU-02-01,Battery Cell,Chennai,2487
2025-02-01,SKU-02-01,Battery Cell,Chennai,3204
2025-03-01,SKU-02-01,Battery Cell,Chennai,3150
2025-04-01,SKU-02-01,Battery Cell,Chennai,2889
2025-05-01,SKU-02-01,Battery Cell,Chennai,3192
2025-06-01,SKU-02-01,Battery Cell,Chennai,2623
2025-07-01,SKU-02-01,Battery Cell,Chennai,2751
2025-08-01,SKU-02-01,Battery Cell,Chennai,3078
2025-09-01,SKU-02-01,Battery Cell,Chennai,2322
2025-10-01,SKU-02-01,Battery Cell,Chennai,2577
2025-11-01,SKU-02-01,Battery Cell,Chennai,2394
2025-12-01,SKU-02-01,Battery Cell,Chennai,2769
2024-01-01,SKU-02-02,Battery Cell,Gurugram,1445
2024-02-01,SKU-02-02,Battery Cell,Gurugram,1559
2024-03-01,SKU-02-02,Battery Cell,Gurugram,1517
2024-04-01,SKU-02-02,Battery Cell,Gurugram,1566
2024-05-01,SKU-02-02,Battery Cell,Gurugram,1854
2024-06-01,SKU-02-02,Battery Cell,Gurugram,1636
2024-07-01,SKU-02-02,Battery Cell,Gurugram,1756
2024-08-01,SKU-02-02,Battery Cell,Gurugram,1402
2024-09-01,SKU-02-02,Battery Cell,Gurugram,1368
2024-10-01,SKU-02-02,Battery Cell,Gurugram,1400
2024-11-01,SKU-02-02,Battery Cell,Gurugram,1446
2024-12-01,SKU-02-02,Battery Cell,Gurugram,1508
2025-01-01,SKU-02-02,Battery Cell,Gurugram,1456
2025-02-01,SKU-02-02,Battery Cell,Gurugram,1661
2025-03-01,SKU-02-02,Battery Cell,Gurugram,1781
2025-04-01,SKU-02-02,Battery Cell,Gurugram,1823
2025-05-01,SKU-02-02,Battery Cell,Gurugram,1640
2025-06-01,SKU-02-02,Battery Cell,Gurugram,1539
2025-07-01,SKU-02-02,Battery Cell,Gurugram,1660
2025-08-01,SKU-02-02,Battery Cell,Gurugram,1591
2025-09-01,SKU-02-02,Battery Cell,Gurugram,1289
2025-10-01,SKU-02-02,Battery Cell,Gurugram,1486
2025-11-01,SKU-02-02,Battery Cell,Gurugram,1682
2025-12-01,SKU-02-02,Battery Cell,Gurugram,1444
2024-01-01,SKU-02-03,Battery Cell,Sanand,3905
2024-02-01,SKU-02-03,Battery Cell,Sanand,3737
2024-03-01,SKU-02-03,Battery Cell,Sanand,3434
2024-04-01,SKU-02-03,Battery Cell,Sanand,3483
2024-05-01,SKU-02-03,Battery Cell,Sanand,4379
2024-06-01,SKU-02-03,Battery Cell,Sanand,4022
2024-07-01,SKU-02-03,Battery Cell,Sanand,3810
2024-08-01,SKU-02-03,Battery Cell,Sanand,3600
2024-09-01,SKU-02-03,Battery Cell,Sanand,3315
2024-10-01,SKU-02-03,Battery Cell,Sanand,3319
2024-11-01,SKU-02-03,Battery Cell,Sanand,3018
2024-12-01,SKU-02-03,Battery Cell,Sanand,3096
2025-01-01,SKU-02-03,Battery Cell,Sanand,3107
2025-02-01,SKU-02-03,Battery Cell,Sanand,3876
2025-03-01,SKU-02-03,Battery Cell,Sanand,4036
2025-04-01,SKU-02-03,Battery Cell,Sanand,4307
2025-05-01,SKU-02-03,Battery Cell,Sanand,3935
2025-06-01,SKU-02-03,Battery Cell,Sanand,4292
2025-07-01,SKU-02-03,Battery Cell,Sanand,3623
2025-08-01,SKU-02-03,Battery Cell,Sanand,3009
2025-09-01,SKU-02-03,Battery Cell,Sanand,2526
2025-10-01,SKU-02-03,Battery Cell,Sanand,2970
2025-11-01,SKU-02-03,Battery Cell,Sanand,3258
2025-12-01,SKU-02-03,Battery Cell,Sanand,3519
2024-01-01,SKU-02-04,Battery Cell,Sanand,2681
2024-02-01,SKU-02-04,Battery Cell,Sanand,2389
2024-03-01,SKU-02-04,Battery Cell,Sanand,2410
2024-04-01,SKU-02-04,Battery Cell,Sanand,2819
2024-05-01,SKU-02-04,Battery Cell,Sanand,2470
2024-06-01,SKU-02-04,Battery Cell,Sanand,2687
2024-07-01,SKU-02-04,Battery Cell,Sanand,2577
2024-08-01,SKU-02-04,Battery Cell,Sanand,2146
2024-09-01,SKU-02-04,Battery Cell,Sanand,2242
2024-10-01,SKU-02-04,Battery Cell,Sanand,2111
2024-11-01,SKU-02-04,Battery Cell,Sanand,2200
2024-12-01,SKU-02-04,Battery Cell,Sanand,2663
2025-01-01,SKU-02-04,Battery Cell,Sanand,2210
2025-02-01,SKU-02-04,Battery Cell,Sanand,2686
2025-03-01,SKU-02-04,Battery Cell,Sanand,2568
2025-04-01,SKU-02-04,Battery Cell,Sanand,2663
2025-05-01,SKU-02-04,Battery Cell,Sanand,2538
2025-06-01,SKU-02-04,Battery Cell,Sanand,2537
2025-07-01,SKU-02-04,Battery Cell,Sanand,2351
2025-08-01,SKU-02-04,Battery Cell,Sanand,2361
2025-09-01,SKU-02-04,Battery Cell,Sanand,2098
2025-10-01,SKU-02-04,Battery Cell,Sanand,2391
2025-11-01,SKU-02-04,Battery Cell,Sanand,2297
2025-12-01,SKU-02-04,Battery Cell,Sanand,2677
2024-01-01,SKU-02-05,Battery Cell,Pune,3255
2024-02-01,SKU-02-05,Battery Cell,Pune,3309
2024-03-01,SKU-02-05,Battery Cell,Pune,3220
2024-04-01,SKU-02-05,Battery Cell,Pune,3156
2024-05-01,SKU-02-05,Battery Cell,Pune,3272
2024-06-01,SKU-02-05,Battery Cell,Pune,2748
2024-07-01,SKU-02-05,Battery Cell,Pune,3479
2024-08-01,SKU-02-05,Battery Cell,Pune,3047
2024-09-01,SKU-02-05,Battery Cell,Pune,2523
2024-10-01,SKU-02-05,Battery Cell,Pune,2634
2024-11-01,SKU-02-05,Battery Cell,Pune,3173
2024-12-01,SKU-02-05,Battery Cell,Pune,2968
2025-01-01,SKU-02-05,Battery Cell,Pune,3149
2025-02-01,SKU-02-05,Battery Cell,Pune,3023
2025-03-01,SKU-02-05,Battery Cell,Pune,3045
2025-04-01,SKU-02-05,Battery Cell,Pune,3568
2025-05-01,SKU-02-05,Battery Cell,Pune,3535
2025-06-01,SKU-02-05,Battery Cell,Pune,3716
2025-07-01,SKU-02-05,Battery Cell,Pune,3300
2025-08-01,SKU-02-05,Battery Cell,Pune,2910
2025-09-01,SKU-02-05,Battery Cell,Pune,2986
2025-10-01,SKU-02-05,Battery Cell,Pune,2955
2025-11-01,SKU-02-05,Battery Cell,Pune,2662
2025-12-01,SKU-02-05,Battery Cell,Pune,3200
2024-01-01,SKU-02-06,Battery Cell,Chennai,3577
2024-02-01,SKU-02-06,Battery Cell,Chennai,3732
2024-03-01,SKU-02-06,Battery Cell,Chennai,4008
2024-04-01,SKU-02-06,Battery Cell,Chennai,4479
2024-05-01,SKU-02-06,Battery Cell,Chennai,4569
2024-06-01,SKU-02-06,Battery Cell,Chennai,4042
2024-07-01,SKU-02-06,Battery Cell,Chennai,3712
2024-08-01,SKU-02-06,Battery Cell,Chennai,3923
2024-09-01,SKU-02-06,Battery Cell,Chennai,3781
2024-10-01,SKU-02-06,Battery Cell,Chennai,4000
2024-11-01,SKU-02-06,Battery Cell,Chennai,3648
2024-12-01,SKU-02-06,Battery Cell,Chennai,4232
2025-01-01,SKU-02-06,Battery Cell,Chennai,3604
2025-02-01,SKU-02-06,Battery Cell,Chennai,3919
2025-03-01,SKU-02-06,Battery Cell,Chennai,3680
2025-04-01,SKU-02-06,Battery Cell,Chennai,3472
2025-05-01,SKU-02-06,Battery Cell,Chennai,3931
2025-06-01,SKU-02-06,Battery Cell,Chennai,3831
2025-07-01,SKU-02-06,Battery Cell,Chennai,3832
2025-08-01,SKU-02-06,Battery Cell,Chennai,3796
2025-09-01,SKU-02-06,Battery Cell,Chennai,3316
2025-10-01,SKU-02-06,Battery Cell,Chennai,3498
2025-11-01,SKU-02-06,Battery Cell,Chennai,3539
2025-12-01,SKU-02-06,Battery Cell,Chennai,3952
2024-01-01,SKU-02-07,Battery Cell,Chennai,5020
2024-02-01,SKU-02-07,Battery Cell,Chennai,5316
2024-03-01,SKU-02-07,Battery Cell,Chennai,4294
2024-04-01,SKU-02-07,Battery Cell,Chennai,4918
2024-05-01,SKU-02-07,Battery Cell,Chennai,4816
2024-06-01,SKU-02-07,Battery Cell,Chennai,5528
2024-07-01,SKU-02-07,Battery Cell,Chennai,4459
2024-08-01,SKU-02-07,Battery Cell,Chennai,4938
2024-09-01,SKU-02-07,Battery Cell,Chennai,4976
2024-10-01,SKU-02-07,Battery Cell,Chennai,4557
2024-11-01,SKU-02-07,Battery Cell,Chennai,4332
2024-12-01,SKU-02-07,Battery Cell,Chennai,5053
2025-01-01,SKU-02-07,Battery Cell,Chennai,4363
2025-02-01,SKU-02-07,Battery Cell,Chennai,5365
2025-03-01,SKU-02-07,Battery Cell,Chennai,6144
2025-04-01,SKU-02-07,Battery Cell,Chennai,5239
2025-05-01,SKU-02-07,Battery Cell,Chennai,5735
2025-06-01,SKU-02-07,Battery Cell,Chennai,5493
2025-07-01,SKU-02-07,Battery Cell,Chennai,4866
2025-08-01,SKU-02-07,Battery Cell,Chennai,4237
2025-09-01,SKU-02-07,Battery Cell,Chennai,5199
2025-10-01,SKU-02-07,Battery Cell,Chennai,4722
2025-11-01,SKU-02-07,Battery Cell,Chennai,4789
2025-12-01,SKU-02-07,Battery Cell,Chennai,3397
2024-01-01,SKU-02-08,Battery Cell,Bengaluru EV Plant,3872
2024-02-01,SKU-02-08,Battery Cell,Bengaluru EV Plant,3449
2024-03-01,SKU-02-08,Battery Cell,Bengaluru EV Plant,4475
2024-04-01,SKU-02-08,Battery Cell,Bengaluru EV Plant,4571
2024-05-01,SKU-02-08,Battery Cell,Bengaluru EV Plant,4964
2024-06-01,SKU-02-08,Battery Cell,Bengaluru EV Plant,4479
2024-07-01,SKU-02-08,Battery Cell,Bengaluru EV Plant,4022
2024-08-01,SKU-02-08,Battery Cell,Bengaluru EV Plant,4156
2024-09-01,SKU-02-08,Battery Cell,Bengaluru EV Plant,4188
2024-10-01,SKU-02-08,Battery Cell,Bengaluru EV Plant,4631
2024-11-01,SKU-02-08,Battery Cell,Bengaluru EV Plant,4110
2024-12-01,SKU-02-08,Battery Cell,Bengaluru EV Plant,4525
2025-01-01,SKU-02-08,Battery Cell,Bengaluru EV Plant,4633
2025-02-01,SKU-02-08,Battery Cell,Bengaluru EV Plant,4146
2025-03-01,SKU-02-08,Battery Cell,Bengaluru EV Plant,4556
2025-04-01,SKU-02-08,Battery Cell,Bengaluru EV Plant,4696
2025-05-01,SKU-02-08,Battery Cell,Bengaluru EV Plant,4377
2025-06-01,SKU-02-08,Battery Cell,Bengaluru EV Plant,4395
2025-07-01,SKU-02-08,Battery Cell,Bengaluru EV Plant,4198
2025-08-01,SKU-02-08,Battery Cell,Bengaluru EV Plant,3513
2025-09-01,SKU-02-08,Battery Cell,Bengaluru EV Plant,3621
2025-10-01,SKU-02-08,Battery Cell,Bengaluru EV Plant,4115
2025-11-01,SKU-02-08,Battery Cell,Bengaluru EV Plant,3671
2025-12-01,SKU-02-08,Battery Cell,Bengaluru EV Plant,3519
2024-01-01,SKU-03-01,Steel,Chennai,2979
2024-02-01,SKU-03-01,Steel,Chennai,3092
2024-03-01,SKU-03-01,Steel,Chennai,3160
2024-04-01,SKU-03-01,Steel,Chennai,3234
2024-05-01,SKU-03-01,Steel,Chennai,3250
2024-06-01,SKU-03-01,Steel,Chennai,3010
2024-07-01,SKU-03-01,Steel,Chennai,2637
2024-08-01,SKU-03-01,Steel,Chennai,3094
2024-09-01,SKU-03-01,Steel,Chennai,2683
2024-10-01,SKU-03-01,Steel,Chennai,2690
2024-11-01,SKU-03-01,Steel,Chennai,3189
2024-12-01,SKU-03-01,Steel,Chennai,2241
2025-01-01,SKU-03-01,Steel,Chennai,2622
2025-02-01,SKU-03-01,Steel,Chennai,3257
2025-03-01,SKU-03-01,Steel,Chennai,3250
2025-04-01,SKU-03-01,Steel,Chennai,3487
2025-05-01,SKU-03-01,Steel,Chennai,3428
2025-06-01,SKU-03-01,Steel,Chennai,3360
2025-07-01,SKU-03-01,Steel,Chennai,2581
2025-08-01,SKU-03-01,Steel,Chennai,3101
2025-09-01,SKU-03-01,Steel,Chennai,2595
2025-10-01,SKU-03-01,Steel,Chennai,2532
2025-11-01,SKU-03-01,Steel,Chennai,2783
2025-12-01,SKU-03-01,Steel,Chennai,2885
2024-01-01,SKU-03-02,Steel,Chennai,6539
2024-02-01,SKU-03-02,Steel,Chennai,6630
2024-03-01,SKU-03-02,Steel,Chennai,6536
2024-04-01,SKU-03-02,Steel,Chennai,6506
2024-05-01,SKU-03-02,Steel,Chennai,6665
2024-06-01,SKU-03-02,Steel,Chennai,6237
2024-07-01,SKU-03-02,Steel,Chennai,5978
2024-08-01,SKU-03-02,Steel,Chennai,5986
2024-09-01,SKU-03-02,Steel,Chennai,6582
2024-10-01,SKU-03-02,Steel,Chennai,6131
2024-11-01,SKU-03-02,Steel,Chennai,4720
2024-12-01,SKU-03-02,Steel,Chennai,6276
2025-01-01,SKU-03-02,Steel,Chennai,6281
2025-02-01,SKU-03-02,Steel,Chennai,6667
2025-03-01,SKU-03-02,Steel,Chennai,6837
2025-04-01,SKU-03-02,Steel,Chennai,6334
2025-05-01,SKU-03-02,Steel,Chennai,6513
2025-06-01,SKU-03-02,Steel,Chennai,6236
2025-07-01,SKU-03-02,Steel,Chennai,6173
2025-08-01,SKU-03-02,Steel,Chennai,5800
2025-09-01,SKU-03-02,Steel,Chennai,6192
2025-10-01,SKU-03-02,Steel,Chennai,5722
2025-11-01,SKU-03-02,Steel,Chennai,6946
2025-12-01,SKU-03-02,Steel,Chennai,6503
2024-01-01,SKU-03-03,Steel,Sanand,3250
2024-02-01,SKU-03-03,Steel,Sanand,4221
2024-03-01,SKU-03-03,Steel,Sanand,4297
2024-04-01,SKU-03-03,Steel,Sanand,4507
2024-05-01,SKU-03-03,Steel,Sanand,3713
2024-06-01,SKU-03-03,Steel,Sanand,3934
2024-07-01,SKU-03-03,Steel,Sanand,3233
2024-08-01,SKU-03-03,Steel,Sanand,3563
2024-09-01,SKU-03-03,Steel,Sanand,3651
2024-10-01,SKU-03-03,Steel,Sanand,3395
2024-11-01,SKU-03-03,Steel,Sanand,3816
2024-12-01,SKU-03-03,Steel,Sanand,3914
2025-01-01,SKU-03-03,Steel,Sanand,4239
2025-02-01,SKU-03-03,Steel,Sanand,4176
2025-03-01,SKU-03-03,Steel,Sanand,4224
2025-04-01,SKU-03-03,Steel,Sanand,4311
2025-05-01,SKU-03-03,Steel,Sanand,3742
2025-06-01,SKU-03-03,Steel,Sanand,3862
2025-07-01,SKU-03-03,Steel,Sanand,3750
2025-08-01,SKU-03-03,Steel,Sanand,3848
2025-09-01,SKU-03-03,Steel,Sanand,3332
2025-10-01,SKU-03-03,Steel,Sanand,3250
2025-11-01,SKU-03-03,Steel,Sanand,2648
2025-12-01,SKU-03-03,Steel,Sanand,3348
2024-01-01,SKU-03-04,Steel,Gurugram,2014
2024-02-01,SKU-03-04,Steel,Gurugram,1834
2024-03-01,SKU-03-04,Steel,Gurugram,1702
2024-04-01,SKU-03-04,Steel,Gurugram,2050
2024-05-01,SKU-03-04,Steel,Gurugram,1902
2024-06-01,SKU-03-04,Steel,Gurugram,1888
2024-07-01,SKU-03-04,Steel,Gurugram,1960
2024-08-01,SKU-03-04,Steel,Gurugram,1757
2024-09-01,SKU-03-04,Steel,Gurugram,1914
2024-10-01,SKU-03-04,Steel,Gurugram,1709
2024-11-01,SKU-03-04,Steel,Gurugram,2022
2024-12-01,SKU-03-04,Steel,Gurugram,1787
2025-01-01,SKU-03-04,Steel,Gurugram,1776
2025-02-01,SKU-03-04,Steel,Gurugram,2240
2025-03-01,SKU-03-04,Steel,Gurugram,2075
2025-04-01,SKU-03-04,Steel,Gurugram,1948
2025-05-01,SKU-03-04,Steel,Gurugram,1764
2025-06-01,SKU-03-04,Steel,Gurugram,2155
2025-07-01,SKU-03-04,Steel,Gurugram,1904
2025-08-01,SKU-03-04,Steel,Gurugram,1821
2025-09-01,SKU-03-04,Steel,Gurugram,1778
2025-10-01,SKU-03-04,Steel,Gurugram,1736
2025-11-01,SKU-03-04,Steel,Gurugram,1886
2025-12-01,SKU-03-04,Steel,Gurugram,1850
2024-01-01,SKU-03-05,Steel,Chennai,5021
2024-02-01,SKU-03-05,Steel,Chennai,4517
2024-03-01,SKU-03-05,Steel,Chennai,4550
2024-04-01,SKU-03-05,Steel,Chennai,4615
2024-05-01,SKU-03-05,Steel,Chennai,4299
2024-06-01,SKU-03-05,Steel,Chennai,5039
2024-07-01,SKU-03-05,Steel,Chennai,3946
2024-08-01,SKU-03-05,Steel,Chennai,4824
2024-09-01,SKU-03-05,Steel,Chennai,3476
2024-10-01,SKU-03-05,Steel,Chennai,4415
2024-11-01,SKU-03-05,Steel,Chennai,4398
2024-12-01,SKU-03-05,Steel,Chennai,4315
2025-01-01,SKU-03-05,Steel,Chennai,4686
2025-02-01,SKU-03-05,Steel,Chennai,4902
2025-03-01,SKU-03-05,Steel,Chennai,4816
2025-04-01,SKU-03-05,Steel,Chennai,4964
2025-05-01,SKU-03-05,Steel,Chennai,5415
2025-06-01,SKU-03-05,Steel,Chennai,4828
2025-07-01,SKU-03-05,Steel,Chennai,4035
2025-08-01,SKU-03-05,Steel,Chennai,4174
2025-09-01,SKU-03-05,Steel,Chennai,4351
2025-10-01,SKU-03-05,Steel,Chennai,4090
2025-11-01,SKU-03-05,Steel,Chennai,4445
2025-12-01,SKU-03-05,Steel,Chennai,4070
2024-01-01,SKU-03-06,Steel,Bengaluru EV Plant,1294
2024-02-01,SKU-03-06,Steel,Bengaluru EV Plant,1283
2024-03-01,SKU-03-06,Steel,Bengaluru EV Plant,1465
2024-04-01,SKU-03-06,Steel,Bengaluru EV Plant,1457
2024-05-01,SKU-03-06,Steel,Bengaluru EV Plant,1372
2024-06-01,SKU-03-06,Steel,Bengaluru EV Plant,1402
2024-07-01,SKU-03-06,Steel,Bengaluru EV Plant,1173
2024-08-01,SKU-03-06,Steel,Bengaluru EV Plant,1322
2024-09-01,SKU-03-06,Steel,Bengaluru EV Plant,1070
2024-10-01,SKU-03-06,Steel,Bengaluru EV Plant,1160
2024-11-01,SKU-03-06,Steel,Bengaluru EV Plant,1059
2024-12-01,SKU-03-06,Steel,Bengaluru EV Plant,1095
2025-01-01,SKU-03-06,Steel,Bengaluru EV Plant,1270
2025-02-01,SKU-03-06,Steel,Bengaluru EV Plant,1363
2025-03-01,SKU-03-06,Steel,Bengaluru EV Plant,1294
2025-04-01,SKU-03-06,Steel,Bengaluru EV Plant,1350
2025-05-01,SKU-03-06,Steel,Bengaluru EV Plant,1266
2025-06-01,SKU-03-06,Steel,Bengaluru EV Plant,1440
2025-07-01,SKU-03-06,Steel,Bengaluru EV Plant,1286
2025-08-01,SKU-03-06,Steel,Bengaluru EV Plant,1253
2025-09-01,SKU-03-06,Steel,Bengaluru EV Plant,1120
2025-10-01,SKU-03-06,Steel,Bengaluru EV Plant,1153
2025-11-01,SKU-03-06,Steel,Bengaluru EV Plant,1237
2025-12-01,SKU-03-06,Steel,Bengaluru EV Plant,1135
2024-01-01,SKU-03-07,Steel,Chennai,6681
2024-02-01,SKU-03-07,Steel,Chennai,8922
2024-03-01,SKU-03-07,Steel,Chennai,8966
2024-04-01,SKU-03-07,Steel,Chennai,8122
2024-05-01,SKU-03-07,Steel,Chennai,7983
2024-06-01,SKU-03-07,Steel,Chennai,7964
2024-07-01,SKU-03-07,Steel,Chennai,7183
2024-08-01,SKU-03-07,Steel,Chennai,6242
2024-09-01,SKU-03-07,Steel,Chennai,7722
2024-10-01,SKU-03-07,Steel,Chennai,8360
2024-11-01,SKU-03-07,Steel,Chennai,6128
2024-12-01,SKU-03-07,Steel,Chennai,7501
2025-01-01,SKU-03-07,Steel,Chennai,8407
2025-02-01,SKU-03-07,Steel,Chennai,7766
2025-03-01,SKU-03-07,Steel,Chennai,6894
2025-04-01,SKU-03-07,Steel,Chennai,7587
2025-05-01,SKU-03-07,Steel,Chennai,8445
2025-06-01,SKU-03-07,Steel,Chennai,7928
2025-07-01,SKU-03-07,Steel,Chennai,7755
2025-08-01,SKU-03-07,Steel,Chennai,7763
2025-09-01,SKU-03-07,Steel,Chennai,6942
2025-10-01,SKU-03-07,Steel,Chennai,6468
2025-11-01,SKU-03-07,Steel,Chennai,6147
2025-12-01,SKU-03-07,Steel,Chennai,7627
2024-01-01,SKU-03-08,Steel,Sanand,6052
2024-02-01,SKU-03-08,Steel,Sanand,6485
2024-03-01,SKU-03-08,Steel,Sanand,6068
2024-04-01,SKU-03-08,Steel,Sanand,7056
2024-05-01,SKU-03-08,Steel,Sanand,6195
2024-06-01,SKU-03-08,Steel,Sanand,6713
2024-07-01,SKU-03-08,Steel,Sanand,6841
2024-08-01,SKU-03-08,Steel,Sanand,6439
2024-09-01,SKU-03-08,Steel,Sanand,5340
2024-10-01,SKU-03-08,Steel,Sanand,5584
2024-11-01,SKU-03-08,Steel,Sanand,6209
2024-12-01,SKU-03-08,Steel,Sanand,5785
2025-01-01,SKU-03-08,Steel,Sanand,5418
2025-02-01,SKU-03-08,Steel,Sanand,6523
2025-03-01,SKU-03-08,Steel,Sanand,6510
2025-04-01,SKU-03-08,Steel,Sanand,7079
2025-05-01,SKU-03-08,Steel,Sanand,6692
2025-06-01,SKU-03-08,Steel,Sanand,6738
2025-07-01,SKU-03-08,Steel,Sanand,5387
2025-08-01,SKU-03-08,Steel,Sanand,5205
2025-09-01,SKU-03-08,Steel,Sanand,5132
2025-10-01,SKU-03-08,Steel,Sanand,6611
2025-11-01,SKU-03-08,Steel,Sanand,5420
2025-12-01,SKU-03-08,Steel,Sanand,5863
2024-01-01,SKU-04-01,Aluminum,Gurugram,6830
2024-02-01,SKU-04-01,Aluminum,Gurugram,6617
2024-03-01,SKU-04-01,Aluminum,Gurugram,6971
2024-04-01,SKU-04-01,Aluminum,Gurugram,7886
2024-05-01,SKU-04-01,Aluminum,Gurugram,7509
2024-06-01,SKU-04-01,Aluminum,Gurugram,7694
2024-07-01,SKU-04-01,Aluminum,Gurugram,6317
2024-08-01,SKU-04-01,Aluminum,Gurugram,6321
2024-09-01,SKU-04-01,Aluminum,Gurugram,6802
2024-10-01,SKU-04-01,Aluminum,Gurugram,6235
2024-11-01,SKU-04-01,Aluminum,Gurugram,5908
2024-12-01,SKU-04-01,Aluminum,Gurugram,5331
2025-01-01,SKU-04-01,Aluminum,Gurugram,6757
2025-02-01,SKU-04-01,Aluminum,Gurugram,7269
2025-03-01,SKU-04-01,Aluminum,Gurugram,5828
2025-04-01,SKU-04-01,Aluminum,Gurugram,8128
2025-05-01,SKU-04-01,Aluminum,Gurugram,8209
2025-06-01,SKU-04-01,Aluminum,Gurugram,6655
2025-07-01,SKU-04-01,Aluminum,Gurugram,7172
2025-08-01,SKU-04-01,Aluminum,Gurugram,6492
2025-09-01,SKU-04-01,Aluminum,Gurugram,6825
2025-10-01,SKU-04-01,Aluminum,Gurugram,5874
2025-11-01,SKU-04-01,Aluminum,Gurugram,5808
2025-12-01,SKU-04-01,Aluminum,Gurugram,7045
2024-01-01,SKU-04-02,Aluminum,Chennai,5493
2024-02-01,SKU-04-02,Aluminum,Chennai,5290
2024-03-01,SKU-04-02,Aluminum,Chennai,6245
2024-04-01,SKU-04-02,Aluminum,Chennai,6389
2024-05-01,SKU-04-02,Aluminum,Chennai,6192
2024-06-01,SKU-04-02,Aluminum,Chennai,5628
2024-07-01,SKU-04-02,Aluminum,Chennai,5450
2024-08-01,SKU-04-02,Aluminum,Chennai,5701
2024-09-01,SKU-04-02,Aluminum,Chennai,5508
2024-10-01,SKU-04-02,Aluminum,Chennai,4995
2024-11-01,SKU-04-02,Aluminum,Chennai,5403
2024-12-01,SKU-04-02,Aluminum,Chennai,5445
2025-01-01,SKU-04-02,Aluminum,Chennai,5371
2025-02-01,SKU-04-02,Aluminum,Chennai,6056
2025-03-01,SKU-04-02,Aluminum,Chennai,5867
2025-04-01,SKU-04-02,Aluminum,Chennai,6042
2025-05-01,SKU-04-02,Aluminum,Chennai,6342
2025-06-01,SKU-04-02,Aluminum,Chennai,5958
2025-07-01,SKU-04-02,Aluminum,Chennai,5867
2025-08-01,SKU-04-02,Aluminum,Chennai,5285
2025-09-01,SKU-04-02,Aluminum,Chennai,5346
2025-10-01,SKU-04-02,Aluminum,Chennai,4375
2025-11-01,SKU-04-02,Aluminum,Chennai,4939
2025-12-01,SKU-04-02,Aluminum,Chennai,5222
2024-01-01,SKU-04-03,Aluminum,Pune,6127
2024-02-01,SKU-04-03,Aluminum,Pune,6221
2024-03-01,SKU-04-03,Aluminum,Pune,5733
2024-04-01,SKU-04-03,Aluminum,Pune,7093
2024-05-01,SKU-04-03,Aluminum,Pune,7753
2024-06-01,SKU-04-03,Aluminum,Pune,6582
2024-07-01,SKU-04-03,Aluminum,Pune,6319
2024-08-01,SKU-04-03,Aluminum,Pune,7184
2024-09-01,SKU-04-03,Aluminum,Pune,6053
2024-10-01,SKU-04-03,Aluminum,Pune,4870
2024-11-01,SKU-04-03,Aluminum,Pune,5093
2024-12-01,SKU-04-03,Aluminum,Pune,6091
2025-01-01,SKU-04-03,Aluminum,Pune,7167
2025-02-01,SKU-04-03,Aluminum,Pune,6013
2025-03-01,SKU-04-03,Aluminum,Pune,7089
2025-04-01,SKU-04-03,Aluminum,Pune,7446
2025-05-01,SKU-04-03,Aluminum,Pune,6529
2025-06-01,SKU-04-03,Aluminum,Pune,6273
2025-07-01,SKU-04-03,Aluminum,Pune,6052
2025-08-01,SKU-04-03,Aluminum,Pune,6285
2025-09-01,SKU-04-03,Aluminum,Pune,5704
2025-10-01,SKU-04-03,Aluminum,Pune,4790
2025-11-01,SKU-04-03,Aluminum,Pune,6179
2025-12-01,SKU-04-03,Aluminum,Pune,5595
2024-01-01,SKU-04-04,Aluminum,Pune,2501
2024-02-01,SKU-04-04,Aluminum,Pune,2838
2024-03-01,SKU-04-04,Aluminum,Pune,2843
2024-04-01,SKU-04-04,Aluminum,Pune,2595
2024-05-01,SKU-04-04,Aluminum,Pune,2334
2024-06-01,SKU-04-04,Aluminum,Pune,2227
2024-07-01,SKU-04-04,Aluminum,Pune,2222
2024-08-01,SKU-04-04,Aluminum,Pune,2447
2024-09-01,SKU-04-04,Aluminum,Pune,2233
2024-10-01,SKU-04-04,Aluminum,Pune,2058
2024-11-01,SKU-04-04,Aluminum,Pune,2453
2024-12-01,SKU-04-04,Aluminum,Pune,2180
2025-01-01,SKU-04-04,Aluminum,Pune,2057
2025-02-01,SKU-04-04,Aluminum,Pune,2157
2025-03-01,SKU-04-04,Aluminum,Pune,2295
2025-04-01,SKU-04-04,Aluminum,Pune,2799
2025-05-01,SKU-04-04,Aluminum,Pune,2274
2025-06-01,SKU-04-04,Aluminum,Pune,2346
2025-07-01,SKU-04-04,Aluminum,Pune,2571
2025-08-01,SKU-04-04,Aluminum,Pune,1996
2025-09-01,SKU-04-04,Aluminum,Pune,2040
2025-10-01,SKU-04-04,Aluminum,Pune,2267
2025-11-01,SKU-04-04,Aluminum,Pune,2378
2025-12-01,SKU-04-04,Aluminum,Pune,2296
2024-01-01,SKU-04-05,Aluminum,Chennai,3739
2024-02-01,SKU-04-05,Aluminum,Chennai,4042
2024-03-01,SKU-04-05,Aluminum,Chennai,4111
2024-04-01,SKU-04-05,Aluminum,Chennai,5032
2024-05-01,SKU-04-05,Aluminum,Chennai,3912
2024-06-01,SKU-04-05,Aluminum,Chennai,4290
2024-07-01,SKU-04-05,Aluminum,Chennai,4214
2024-08-01,SKU-04-05,Aluminum,Chennai,3652
2024-09-01,SKU-04-05,Aluminum,Chennai,3493
2024-10-01,SKU-04-05,Aluminum,Chennai,3959
2024-11-01,SKU-04-05,Aluminum,Chennai,3446
2024-12-01,SKU-04-05,Aluminum,Chennai,3851
2025-01-01,SKU-04-05,Aluminum,Chennai,4014
2025-02-01,SKU-04-05,Aluminum,Chennai,4451
2025-03-01,SKU-04-05,Aluminum,Chennai,5574
2025-04-01,SKU-04-05,Aluminum,Chennai,4014
2025-05-01,SKU-04-05,Aluminum,Chennai,4437
2025-06-01,SKU-04-05,Aluminum,Chennai,4509
2025-07-01,SKU-04-05,Aluminum,Chennai,4145
2025-08-01,SKU-04-05,Aluminum,Chennai,3726
2025-09-01,SKU-04-05,Aluminum,Chennai,3506
2025-10-01,SKU-04-05,Aluminum,Chennai,3573
2025-11-01,SKU-04-05,Aluminum,Chennai,3028
2025-12-01,SKU-04-05,Aluminum,Chennai,3537
2024-01-01,SKU-04-06,Aluminum,Pune,6087
2024-02-01,SKU-04-06,Aluminum,Pune,6433
2024-03-01,SKU-04-06,Aluminum,Pune,6212
2024-04-01,SKU-04-06,Aluminum,Pune,6666
2024-05-01,SKU-04-06,Aluminum,Pune,6471
2024-06-01,SKU-04-06,Aluminum,Pune,5968
2024-07-01,SKU-04-06,Aluminum,Pune,5909
2024-08-01,SKU-04-06,Aluminum,Pune,5076
2024-09-01,SKU-04-06,Aluminum,Pune,4689
2024-10-01,SKU-04-06,Aluminum,Pune,4669
2024-11-01,SKU-04-06,Aluminum,Pune,5776
2024-12-01,SKU-04-06,Aluminum,Pune,5152
2025-01-01,SKU-04-06,Aluminum,Pune,5429
2025-02-01,SKU-04-06,Aluminum,Pune,5810
2025-03-01,SKU-04-06,Aluminum,Pune,6459
2025-04-01,SKU-04-06,Aluminum,Pune,6043
2025-05-01,SKU-04-06,Aluminum,Pune,6113
2025-06-01,SKU-04-06,Aluminum,Pune,5900
2025-07-01,SKU-04-06,Aluminum,Pune,5506
2025-08-01,SKU-04-06,Aluminum,Pune,5808
2025-09-01,SKU-04-06,Aluminum,Pune,5405
2025-10-01,SKU-04-06,Aluminum,Pune,5343
2025-11-01,SKU-04-06,Aluminum,Pune,5734
2025-12-01,SKU-04-06,Aluminum,Pune,5013
2024-01-01,SKU-04-07,Aluminum,Bengaluru EV Plant,4346
2024-02-01,SKU-04-07,Aluminum,Bengaluru EV Plant,3263
2024-03-01,SKU-04-07,Aluminum,Bengaluru EV Plant,3828
2024-04-01,SKU-04-07,Aluminum,Bengaluru EV Plant,4221
2024-05-01,SKU-04-07,Aluminum,Bengaluru EV Plant,4197
2024-06-01,SKU-04-07,Aluminum,Bengaluru EV Plant,4095
2024-07-01,SKU-04-07,Aluminum,Bengaluru EV Plant,3754
2024-08-01,SKU-04-07,Aluminum,Bengaluru EV Plant,3819
2024-09-01,SKU-04-07,Aluminum,Bengaluru EV Plant,3782
2024-10-01,SKU-04-07,Aluminum,Bengaluru EV Plant,3467
2024-11-01,SKU-04-07,Aluminum,Bengaluru EV Plant,3529
2024-12-01,SKU-04-07,Aluminum,Bengaluru EV Plant,3849
2025-01-01,SKU-04-07,Aluminum,Bengaluru EV Plant,4292
2025-02-01,SKU-04-07,Aluminum,Bengaluru EV Plant,3877
2025-03-01,SKU-04-07,Aluminum,Bengaluru EV Plant,4245
2025-04-01,SKU-04-07,Aluminum,Bengaluru EV Plant,4346
2025-05-01,SKU-04-07,Aluminum,Bengaluru EV Plant,3976
2025-06-01,SKU-04-07,Aluminum,Bengaluru EV Plant,3757
2025-07-01,SKU-04-07,Aluminum,Bengaluru EV Plant,3508
2025-08-01,SKU-04-07,Aluminum,Bengaluru EV Plant,3528
2025-09-01,SKU-04-07,Aluminum,Bengaluru EV Plant,4094
2025-10-01,SKU-04-07,Aluminum,Bengaluru EV Plant,3178
2025-11-01,SKU-04-07,Aluminum,Bengaluru EV Plant,4023
2025-12-01,SKU-04-07,Aluminum,Bengaluru EV Plant,3981
2024-01-01,SKU-04-08,Aluminum,Bengaluru EV Plant,1671
2024-02-01,SKU-04-08,Aluminum,Bengaluru EV Plant,1611
2024-03-01,SKU-04-08,Aluminum,Bengaluru EV Plant,1748
2024-04-01,SKU-04-08,Aluminum,Bengaluru EV Plant,1552
2024-05-01,SKU-04-08,Aluminum,Bengaluru EV Plant,1813
2024-06-01,SKU-04-08,Aluminum,Bengaluru EV Plant,1731
2024-07-01,SKU-04-08,Aluminum,Bengaluru EV Plant,1385
2024-08-01,SKU-04-08,Aluminum,Bengaluru EV Plant,1538
2024-09-01,SKU-04-08,Aluminum,Bengaluru EV Plant,1241
2024-10-01,SKU-04-08,Aluminum,Bengaluru EV Plant,1518
2024-11-01,SKU-04-08,Aluminum,Bengaluru EV Plant,1481
2024-12-01,SKU-04-08,Aluminum,Bengaluru EV Plant,1254
2025-01-01,SKU-04-08,Aluminum,Bengaluru EV Plant,1525
2025-02-01,SKU-04-08,Aluminum,Bengaluru EV Plant,1603
2025-03-01,SKU-04-08,Aluminum,Bengaluru EV Plant,1437
2025-04-01,SKU-04-08,Aluminum,Bengaluru EV Plant,1824
2025-05-01,SKU-04-08,Aluminum,Bengaluru EV Plant,1660
2025-06-01,SKU-04-08,Aluminum,Bengaluru EV Plant,1713
2025-07-01,SKU-04-08,Aluminum,Bengaluru EV Plant,1581
2025-08-01,SKU-04-08,Aluminum,Bengaluru EV Plant,1365
2025-09-01,SKU-04-08,Aluminum,Bengaluru EV Plant,1316
2025-10-01,SKU-04-08,Aluminum,Bengaluru EV Plant,1565
2025-11-01,SKU-04-08,Aluminum,Bengaluru EV Plant,1494
2025-12-01,SKU-04-08,Aluminum,Bengaluru EV Plant,1596
2024-01-01,SKU-05-01,Sensor,Gurugram,8534
2024-02-01,SKU-05-01,Sensor,Gurugram,7549
2024-03-01,SKU-05-01,Sensor,Gurugram,7662
2024-04-01,SKU-05-01,Sensor,Gurugram,7768
2024-05-01,SKU-05-01,Sensor,Gurugram,10027
2024-06-01,SKU-05-01,Sensor,Gurugram,9064
2024-07-01,SKU-05-01,Sensor,Gurugram,8102
2024-08-01,SKU-05-01,Sensor,Gurugram,6782
2024-09-01,SKU-05-01,Sensor,Gurugram,7732
2024-10-01,SKU-05-01,Sensor,Gurugram,7794
2024-11-01,SKU-05-01,Sensor,Gurugram,6692
2024-12-01,SKU-05-01,Sensor,Gurugram,6730
2025-01-01,SKU-05-01,Sensor,Gurugram,8449
2025-02-01,SKU-05-01,Sensor,Gurugram,9509
2025-03-01,SKU-05-01,Sensor,Gurugram,8359
2025-04-01,SKU-05-01,Sensor,Gurugram,8312
2025-05-01,SKU-05-01,Sensor,Gurugram,9127
2025-06-01,SKU-05-01,Sensor,Gurugram,9863
2025-07-01,SKU-05-01,Sensor,Gurugram,7890
2025-08-01,SKU-05-01,Sensor,Gurugram,8482
2025-09-01,SKU-05-01,Sensor,Gurugram,7678
2025-10-01,SKU-05-01,Sensor,Gurugram,7654
2025-11-01,SKU-05-01,Sensor,Gurugram,7284
2025-12-01,SKU-05-01,Sensor,Gurugram,7048
2024-01-01,SKU-05-02,Sensor,Chennai,2275
2024-02-01,SKU-05-02,Sensor,Chennai,2288
2024-03-01,SKU-05-02,Sensor,Chennai,1972
2024-04-01,SKU-05-02,Sensor,Chennai,2319
2024-05-01,SKU-05-02,Sensor,Chennai,2367
2024-06-01,SKU-05-02,Sensor,Chennai,2152
2024-07-01,SKU-05-02,Sensor,Chennai,2165
2024-08-01,SKU-05-02,Sensor,Chennai,1834
2024-09-01,SKU-05-02,Sensor,Chennai,1550
2024-10-01,SKU-05-02,Sensor,Chennai,1849
2024-11-01,SKU-05-02,Sensor,Chennai,1817
2024-12-01,SKU-05-02,Sensor,Chennai,1543
2025-01-01,SKU-05-02,Sensor,Chennai,2138
2025-02-01,SKU-05-02,Sensor,Chennai,1853
2025-03-01,SKU-05-02,Sensor,Chennai,2413
2025-04-01,SKU-05-02,Sensor,Chennai,2271
2025-05-01,SKU-05-02,Sensor,Chennai,2103
2025-06-01,SKU-05-02,Sensor,Chennai,2154
2025-07-01,SKU-05-02,Sensor,Chennai,1820
2025-08-01,SKU-05-02,Sensor,Chennai,2155
2025-09-01,SKU-05-02,Sensor,Chennai,1969
2025-10-01,SKU-05-02,Sensor,Chennai,1768
2025-11-01,SKU-05-02,Sensor,Chennai,1861
2025-12-01,SKU-05-02,Sensor,Chennai,2071
2024-01-01,SKU-05-03,Sensor,Sanand,2423
2024-02-01,SKU-05-03,Sensor,Sanand,2200
2024-03-01,SKU-05-03,Sensor,Sanand,2471
2024-04-01,SKU-05-03,Sensor,Sanand,2276
2024-05-01,SKU-05-03,Sensor,Sanand,2184
2024-06-01,SKU-05-03,Sensor,Sanand,2498
2024-07-01,SKU-05-03,Sensor,Sanand,2119
2024-08-01,SKU-05-03,Sensor,Sanand,1973
2024-09-01,SKU-05-03,Sensor,Sanand,2516
2024-10-01,SKU-05-03,Sensor,Sanand,2229
2024-11-01,SKU-05-03,Sensor,Sanand,2113
2024-12-01,SKU-05-03,Sensor,Sanand,2491
2025-01-01,SKU-05-03,Sensor,Sanand,2003
2025-02-01,SKU-05-03,Sensor,Sanand,2349
2025-03-01,SKU-05-03,Sensor,Sanand,2280
2025-04-01,SKU-05-03,Sensor,Sanand,2528
2025-05-01,SKU-05-03,Sensor,Sanand,2510
2025-06-01,SKU-05-03,Sensor,Sanand,2239
2025-07-01,SKU-05-03,Sensor,Sanand,2077
2025-08-01,SKU-05-03,Sensor,Sanand,1838
2025-09-01,SKU-05-03,Sensor,Sanand,1822
2025-10-01,SKU-05-03,Sensor,Sanand,1926
2025-11-01,SKU-05-03,Sensor,Sanand,1977
2025-12-01,SKU-05-03,Sensor,Sanand,2378
2024-01-01,SKU-05-04,Sensor,Pune,3470
2024-02-01,SKU-05-04,Sensor,Pune,3736
2024-03-01,SKU-05-04,Sensor,Pune,3517
2024-04-01,SKU-05-04,Sensor,Pune,4117
2024-05-01,SKU-05-04,Sensor,Pune,3764
2024-06-01,SKU-05-04,Sensor,Pune,4069
2024-07-01,SKU-05-04,Sensor,Pune,3481
2024-08-01,SKU-05-04,Sensor,Pune,3055
2024-09-01,SKU-05-04,Sensor,Pune,3388
2024-10-01,SKU-05-04,Sensor,Pune,3930
2024-11-01,SKU-05-04,Sensor,Pune,3545
2024-12-01,SKU-05-04,Sensor,Pune,3632
2025-01-01,SKU-05-04,Sensor,Pune,3696
2025-02-01,SKU-05-04,Sensor,Pune,3279
2025-03-01,SKU-05-04,Sensor,Pune,4033
2025-04-01,SKU-05-04,Sensor,Pune,3860
2025-05-01,SKU-05-04,Sensor,Pune,3574
2025-06-01,SKU-05-04,Sensor,Pune,3786
2025-07-01,SKU-05-04,Sensor,Pune,3522
2025-08-01,SKU-05-04,Sensor,Pune,3260
2025-09-01,SKU-05-04,Sensor,Pune,3543
2025-10-01,SKU-05-04,Sensor,Pune,3642
2025-11-01,SKU-05-04,Sensor,Pune,3824
2025-12-01,SKU-05-04,Sensor,Pune,3300
2024-01-01,SKU-05-05,Sensor,Gurugram,1627
2024-02-01,SKU-05-05,Sensor,Gurugram,1760
2024-03-01,SKU-05-05,Sensor,Gurugram,1632
2024-04-01,SKU-05-05,Sensor,Gurugram,2003
2024-05-01,SKU-05-05,Sensor,Gurugram,1864
2024-06-01,SKU-05-05,Sensor,Gurugram,1835
2024-07-01,SKU-05-05,Sensor,Gurugram,1610
2024-08-01,SKU-05-05,Sensor,Gurugram,1333
2024-09-01,SKU-05-05,Sensor,Gurugram,1306
2024-10-01,SKU-05-05,Sensor,Gurugram,1372
2024-11-01,SKU-05-05,Sensor,Gurugram,1472
2024-12-01,SKU-05-05,Sensor,Gurugram,1236
2025-01-01,SKU-05-05,Sensor,Gurugram,1694
2025-02-01,SKU-05-05,Sensor,Gurugram,1535
2025-03-01,SKU-05-05,Sensor,Gurugram,1785
2025-04-01,SKU-05-05,Sensor,Gurugram,1817
2025-05-01,SKU-05-05,Sensor,Gurugram,1927
2025-06-01,SKU-05-05,Sensor,Gurugram,1456
2025-07-01,SKU-05-05,Sensor,Gurugram,1665
2025-08-01,SKU-05-05,Sensor,Gurugram,1435
2025-09-01,SKU-05-05,Sensor,Gurugram,1662
2025-10-01,SKU-05-05,Sensor,Gurugram,1544
2025-11-01,SKU-05-05,Sensor,Gurugram,1431
2025-12-01,SKU-05-05,Sensor,Gurugram,1403
2024-01-01,SKU-05-06,Sensor,Gurugram,6659
2024-02-01,SKU-05-06,Sensor,Gurugram,6646
2024-03-01,SKU-05-06,Sensor,Gurugram,6330
2024-04-01,SKU-05-06,Sensor,Gurugram,6474
2024-05-01,SKU-05-06,Sensor,Gurugram,6951
2024-06-01,SKU-05-06,Sensor,Gurugram,6742
2024-07-01,SKU-05-06,Sensor,Gurugram,5241
2024-08-01,SKU-05-06,Sensor,Gurugram,5807
2024-09-01,SKU-05-06,Sensor,Gurugram,6858
2024-10-01,SKU-05-06,Sensor,Gurugram,6314
2024-11-01,SKU-05-06,Sensor,Gurugram,5814
2024-12-01,SKU-05-06,Sensor,Gurugram,6169
2025-01-01,SKU-05-06,Sensor,Gurugram,6834
2025-02-01,SKU-05-06,Sensor,Gurugram,6883
2025-03-01,SKU-05-06,Sensor,Gurugram,6764
2025-04-01,SKU-05-06,Sensor,Gurugram,7189
2025-05-01,SKU-05-06,Sensor,Gurugram,7116
2025-06-01,SKU-05-06,Sensor,Gurugram,7447
2025-07-01,SKU-05-06,Sensor,Gurugram,5753
2025-08-01,SKU-05-06,Sensor,Gurugram,5764
2025-09-01,SKU-05-06,Sensor,Gurugram,6868
2025-10-01,SKU-05-06,Sensor,Gurugram,5982
2025-11-01,SKU-05-06,Sensor,Gurugram,5257
2025-12-01,SKU-05-06,Sensor,Gurugram,6886
2024-01-01,SKU-05-07,Sensor,Gurugram,7395
2024-02-01,SKU-05-07,Sensor,Gurugram,6624
2024-03-01,SKU-05-07,Sensor,Gurugram,7072
2024-04-01,SKU-05-07,Sensor,Gurugram,7509
2024-05-01,SKU-05-07,Sensor,Gurugram,6807
2024-06-01,SKU-05-07,Sensor,Gurugram,7388
2024-07-01,SKU-05-07,Sensor,Gurugram,6879
2024-08-01,SKU-05-07,Sensor,Gurugram,5995
2024-09-01,SKU-05-07,Sensor,Gurugram,6420
2024-10-01,SKU-05-07,Sensor,Gurugram,7108
2024-11-01,SKU-05-07,Sensor,Gurugram,6983
2024-12-01,SKU-05-07,Sensor,Gurugram,6756
2025-01-01,SKU-05-07,Sensor,Gurugram,6998
2025-02-01,SKU-05-07,Sensor,Gurugram,6887
2025-03-01,SKU-05-07,Sensor,Gurugram,7101
2025-04-01,SKU-05-07,Sensor,Gurugram,6398
2025-05-01,SKU-05-07,Sensor,Gurugram,7689
2025-06-01,SKU-05-07,Sensor,Gurugram,6914
2025-07-01,SKU-05-07,Sensor,Gurugram,6377
2025-08-01,SKU-05-07,Sensor,Gurugram,5864
2025-09-01,SKU-05-07,Sensor,Gurugram,6996
2025-10-01,SKU-05-07,Sensor,Gurugram,7394
2025-11-01,SKU-05-07,Sensor,Gurugram,6733
2025-12-01,SKU-05-07,Sensor,Gurugram,4995
2024-01-01,SKU-05-08,Sensor,Bengaluru EV Plant,8354
2024-02-01,SKU-05-08,Sensor,Bengaluru EV Plant,7242
2024-03-01,SKU-05-08,Sensor,Bengaluru EV Plant,8571
2024-04-01,SKU-05-08,Sensor,Bengaluru EV Plant,8479
2024-05-01,SKU-05-08,Sensor,Bengaluru EV Plant,7460
2024-06-01,SKU-05-08,Sensor,Bengaluru EV Plant,7488
2024-07-01,SKU-05-08,Sensor,Bengaluru EV Plant,6435
2024-08-01,SKU-05-08,Sensor,Bengaluru EV Plant,7061
2024-09-01,SKU-05-08,Sensor,Bengaluru EV Plant,7111
2024-10-01,SKU-05-08,Sensor,Bengaluru EV Plant,8771
2024-11-01,SKU-05-08,Sensor,Bengaluru EV Plant,7210
2024-12-01,SKU-05-08,Sensor,Bengaluru EV Plant,8285
2025-01-01,SKU-05-08,Sensor,Bengaluru EV Plant,7719
2025-02-01,SKU-05-08,Sensor,Bengaluru EV Plant,8065
2025-03-01,SKU-05-08,Sensor,Bengaluru EV Plant,7702
2025-04-01,SKU-05-08,Sensor,Bengaluru EV Plant,7997
2025-05-01,SKU-05-08,Sensor,Bengaluru EV Plant,8380
2025-06-01,SKU-05-08,Sensor,Bengaluru EV Plant,8388
2025-07-01,SKU-05-08,Sensor,Bengaluru EV Plant,6800
2025-08-01,SKU-05-08,Sensor,Bengaluru EV Plant,8154
2025-09-01,SKU-05-08,Sensor,Bengaluru EV Plant,5868
2025-10-01,SKU-05-08,Sensor,Bengaluru EV Plant,7988
2025-11-01,SKU-05-08,Sensor,Bengaluru EV Plant,6877
2025-12-01,SKU-05-08,Sensor,Bengaluru EV Plant,7727
2024-01-01,SKU-06-01,Wiring Harness,Sanand,6226
2024-02-01,SKU-06-01,Wiring Harness,Sanand,7528
2024-03-01,SKU-06-01,Wiring Harness,Sanand,7243
2024-04-01,SKU-06-01,Wiring Harness,Sanand,8211
2024-05-01,SKU-06-01,Wiring Harness,Sanand,8215
2024-06-01,SKU-06-01,Wiring Harness,Sanand,5738
2024-07-01,SKU-06-01,Wiring Harness,Sanand,6892
2024-08-01,SKU-06-01,Wiring Harness,Sanand,6931
2024-09-01,SKU-06-01,Wiring Harness,Sanand,6422
2024-10-01,SKU-06-01,Wiring Harness,Sanand,7004
2024-11-01,SKU-06-01,Wiring Harness,Sanand,6427
2024-12-01,SKU-06-01,Wiring Harness,Sanand,7416
2025-01-01,SKU-06-01,Wiring Harness,Sanand,7656
2025-02-01,SKU-06-01,Wiring Harness,Sanand,7384
2025-03-01,SKU-06-01,Wiring Harness,Sanand,6728
2025-04-01,SKU-06-01,Wiring Harness,Sanand,7545
2025-05-01,SKU-06-01,Wiring Harness,Sanand,7320
2025-06-01,SKU-06-01,Wiring Harness,Sanand,6313
2025-07-01,SKU-06-01,Wiring Harness,Sanand,7000
2025-08-01,SKU-06-01,Wiring Harness,Sanand,7496
2025-09-01,SKU-06-01,Wiring Harness,Sanand,6264
2025-10-01,SKU-06-01,Wiring Harness,Sanand,5674
2025-11-01,SKU-06-01,Wiring Harness,Sanand,6656
2025-12-01,SKU-06-01,Wiring Harness,Sanand,6712
2024-01-01,SKU-06-02,Wiring Harness,Gurugram,1946
2024-02-01,SKU-06-02,Wiring Harness,Gurugram,2218
2024-03-01,SKU-06-02,Wiring Harness,Gurugram,2010
2024-04-01,SKU-06-02,Wiring Harness,Gurugram,2233
2024-05-01,SKU-06-02,Wiring Harness,Gurugram,1802
2024-06-01,SKU-06-02,Wiring Harness,Gurugram,1858
2024-07-01,SKU-06-02,Wiring Harness,Gurugram,1770
2024-08-01,SKU-06-02,Wiring Harness,Gurugram,1808
2024-09-01,SKU-06-02,Wiring Harness,Gurugram,1884
2024-10-01,SKU-06-02,Wiring Harness,Gurugram,1800
2024-11-01,SKU-06-02,Wiring Harness,Gurugram,2034
2024-12-01,SKU-06-02,Wiring Harness,Gurugram,1728
2025-01-01,SKU-06-02,Wiring Harness,Gurugram,1922
2025-02-01,SKU-06-02,Wiring Harness,Gurugram,2125
2025-03-01,SKU-06-02,Wiring Harness,Gurugram,2216
2025-04-01,SKU-06-02,Wiring Harness,Gurugram,2232
2025-05-01,SKU-06-02,Wiring Harness,Gurugram,2362
2025-06-01,SKU-06-02,Wiring Harness,Gurugram,2284
2025-07-01,SKU-06-02,Wiring Harness,Gurugram,1750
2025-08-01,SKU-06-02,Wiring Harness,Gurugram,1880
2025-09-01,SKU-06-02,Wiring Harness,Gurugram,1827
2025-10-01,SKU-06-02,Wiring Harness,Gurugram,1835
2025-11-01,SKU-06-02,Wiring Harness,Gurugram,1866
2025-12-01,SKU-06-02,Wiring Harness,Gurugram,2087
2024-01-01,SKU-06-03,Wiring Harness,Chennai,1615
2024-02-01,SKU-06-03,Wiring Harness,Chennai,1810
2024-03-01,SKU-06-03,Wiring Harness,Chennai,1969
2024-04-01,SKU-06-03,Wiring Harness,Chennai,1587
2024-05-01,SKU-06-03,Wiring Harness,Chennai,1920
2024-06-01,SKU-06-03,Wiring Harness,Chennai,1257
2024-07-01,SKU-06-03,Wiring Harness,Chennai,1587
2024-08-01,SKU-06-03,Wiring Harness,Chennai,1521
2024-09-01,SKU-06-03,Wiring Harness,Chennai,1304
2024-10-01,SKU-06-03,Wiring Harness,Chennai,1524
2024-11-01,SKU-06-03,Wiring Harness,Chennai,1606
2024-12-01,SKU-06-03,Wiring Harness,Chennai,1576
2025-01-01,SKU-06-03,Wiring Harness,Chennai,1593
2025-02-01,SKU-06-03,Wiring Harness,Chennai,1701
2025-03-01,SKU-06-03,Wiring Harness,Chennai,1685
2025-04-01,SKU-06-03,Wiring Harness,Chennai,1859
2025-05-01,SKU-06-03,Wiring Harness,Chennai,1811
2025-06-01,SKU-06-03,Wiring Harness,Chennai,1510
2025-07-01,SKU-06-03,Wiring Harness,Chennai,1726
2025-08-01,SKU-06-03,Wiring Harness,Chennai,1578
2025-09-01,SKU-06-03,Wiring Harness,Chennai,1357
2025-10-01,SKU-06-03,Wiring Harness,Chennai,1476
2025-11-01,SKU-06-03,Wiring Harness,Chennai,1505
2025-12-01,SKU-06-03,Wiring Harness,Chennai,1245
2024-01-01,SKU-06-04,Wiring Harness,Pune,4642
2024-02-01,SKU-06-04,Wiring Harness,Pune,3791
2024-03-01,SKU-06-04,Wiring Harness,Pune,4161
2024-04-01,SKU-06-04,Wiring Harness,Pune,4525
2024-05-01,SKU-06-04,Wiring Harness,Pune,4310
2024-06-01,SKU-06-04,Wiring Harness,Pune,4146
2024-07-01,SKU-06-04,Wiring Harness,Pune,4608
2024-08-01,SKU-06-04,Wiring Harness,Pune,4217
2024-09-01,SKU-06-04,Wiring Harness,Pune,3619
2024-10-01,SKU-06-04,Wiring Harness,Pune,4199
2024-11-01,SKU-06-04,Wiring Harness,Pune,4138
2024-12-01,SKU-06-04,Wiring Harness,Pune,4310
2025-01-01,SKU-06-04,Wiring Harness,Pune,4448
2025-02-01,SKU-06-04,Wiring Harness,Pune,4229
2025-03-01,SKU-06-04,Wiring Harness,Pune,4690
2025-04-01,SKU-06-04,Wiring Harness,Pune,4961
2025-05-01,SKU-06-04,Wiring Harness,Pune,4323
2025-06-01,SKU-06-04,Wiring Harness,Pune,4378
2025-07-01,SKU-06-04,Wiring Harness,Pune,3976
2025-08-01,SKU-06-04,Wiring Harness,Pune,3778
2025-09-01,SKU-06-04,Wiring Harness,Pune,3307
2025-10-01,SKU-06-04,Wiring Harness,Pune,3952
2025-11-01,SKU-06-04,Wiring Harness,Pune,4633
2025-12-01,SKU-06-04,Wiring Harness,Pune,4577
2024-01-01,SKU-06-05,Wiring Harness,Pune,4394
2024-02-01,SKU-06-05,Wiring Harness,Pune,4521
2024-03-01,SKU-06-05,Wiring Harness,Pune,4208
2024-04-01,SKU-06-05,Wiring Harness,Pune,3835
2024-05-01,SKU-06-05,Wiring Harness,Pune,4463
2024-06-01,SKU-06-05,Wiring Harness,Pune,4177
2024-07-01,SKU-06-05,Wiring Harness,Pune,4050
2024-08-01,SKU-06-05,Wiring Harness,Pune,4619
2024-09-01,SKU-06-05,Wiring Harness,Pune,3549
2024-10-01,SKU-06-05,Wiring Harness,Pune,3569
2024-11-01,SKU-06-05,Wiring Harness,Pune,4005
2024-12-01,SKU-06-05,Wiring Harness,Pune,4260
2025-01-01,SKU-06-05,Wiring Harness,Pune,3963
2025-02-01,SKU-06-05,Wiring Harness,Pune,3714
2025-03-01,SKU-06-05,Wiring Harness,Pune,3937
2025-04-01,SKU-06-05,Wiring Harness,Pune,4283
2025-05-01,SKU-06-05,Wiring Harness,Pune,4231
2025-06-01,SKU-06-05,Wiring Harness,Pune,3774
2025-07-01,SKU-06-05,Wiring Harness,Pune,3697
2025-08-01,SKU-06-05,Wiring Harness,Pune,4168
2025-09-01,SKU-06-05,Wiring Harness,Pune,3678
2025-10-01,SKU-06-05,Wiring Harness,Pune,3785
2025-11-01,SKU-06-05,Wiring Harness,Pune,3936
2025-12-01,SKU-06-05,Wiring Harness,Pune,3540
2024-01-01,SKU-06-06,Wiring Harness,Pune,7641
2024-02-01,SKU-06-06,Wiring Harness,Pune,8694
2024-03-01,SKU-06-06,Wiring Harness,Pune,8565
2024-04-01,SKU-06-06,Wiring Harness,Pune,8622
2024-05-01,SKU-06-06,Wiring Harness,Pune,8168
2024-06-01,SKU-06-06,Wiring Harness,Pune,8319
2024-07-01,SKU-06-06,Wiring Harness,Pune,6925
2024-08-01,SKU-06-06,Wiring Harness,Pune,8043
2024-09-01,SKU-06-06,Wiring Harness,Pune,7594
2024-10-01,SKU-06-06,Wiring Harness,Pune,7805
2024-11-01,SKU-06-06,Wiring Harness,Pune,8440
2024-12-01,SKU-06-06,Wiring Harness,Pune,6707
2025-01-01,SKU-06-06,Wiring Harness,Pune,7826
2025-02-01,SKU-06-06,Wiring Harness,Pune,8599
2025-03-01,SKU-06-06,Wiring Harness,Pune,8617
2025-04-01,SKU-06-06,Wiring Harness,Pune,8463
2025-05-01,SKU-06-06,Wiring Harness,Pune,7520
2025-06-01,SKU-06-06,Wiring Harness,Pune,8060
2025-07-01,SKU-06-06,Wiring Harness,Pune,9330
2025-08-01,SKU-06-06,Wiring Harness,Pune,7843
2025-09-01,SKU-06-06,Wiring Harness,Pune,7104
2025-10-01,SKU-06-06,Wiring Harness,Pune,8585
2025-11-01,SKU-06-06,Wiring Harness,Pune,7834
2025-12-01,SKU-06-06,Wiring Harness,Pune,6960
2024-01-01,SKU-06-07,Wiring Harness,Gurugram,5506
2024-02-01,SKU-06-07,Wiring Harness,Gurugram,5543
2024-03-01,SKU-06-07,Wiring Harness,Gurugram,5347
2024-04-01,SKU-06-07,Wiring Harness,Gurugram,5369
2024-05-01,SKU-06-07,Wiring Harness,Gurugram,5131
2024-06-01,SKU-06-07,Wiring Harness,Gurugram,5701
2024-07-01,SKU-06-07,Wiring Harness,Gurugram,5271
2024-08-01,SKU-06-07,Wiring Harness,Gurugram,4841
2024-09-01,SKU-06-07,Wiring Harness,Gurugram,4627
2024-10-01,SKU-06-07,Wiring Harness,Gurugram,4519
2024-11-01,SKU-06-07,Wiring Harness,Gurugram,4241
2024-12-01,SKU-06-07,Wiring Harness,Gurugram,4569
2025-01-01,SKU-06-07,Wiring Harness,Gurugram,5023
2025-02-01,SKU-06-07,Wiring Harness,Gurugram,5634
2025-03-01,SKU-06-07,Wiring Harness,Gurugram,4743
2025-04-01,SKU-06-07,Wiring Harness,Gurugram,6046
2025-05-01,SKU-06-07,Wiring Harness,Gurugram,5417
2025-06-01,SKU-06-07,Wiring Harness,Gurugram,5444
2025-07-01,SKU-06-07,Wiring Harness,Gurugram,4694
2025-08-01,SKU-06-07,Wiring Harness,Gurugram,4537
2025-09-01,SKU-06-07,Wiring Harness,Gurugram,4886
2025-10-01,SKU-06-07,Wiring Harness,Gurugram,4682
2025-11-01,SKU-06-07,Wiring Harness,Gurugram,4899
2025-12-01,SKU-06-07,Wiring Harness,Gurugram,4737
2024-01-01,SKU-06-08,Wiring Harness,Pune,3566
2024-02-01,SKU-06-08,Wiring Harness,Pune,4042
2024-03-01,SKU-06-08,Wiring Harness,Pune,3879
2024-04-01,SKU-06-08,Wiring Harness,Pune,3936
2024-05-01,SKU-06-08,Wiring Harness,Pune,4289
2024-06-01,SKU-06-08,Wiring Harness,Pune,4016
2024-07-01,SKU-06-08,Wiring Harness,Pune,3822
2024-08-01,SKU-06-08,Wiring Harness,Pune,3838
2024-09-01,SKU-06-08,Wiring Harness,Pune,3412
2024-10-01,SKU-06-08,Wiring Harness,Pune,3314
2024-11-01,SKU-06-08,Wiring Harness,Pune,3491
2024-12-01,SKU-06-08,Wiring Harness,Pune,3252
2025-01-01,SKU-06-08,Wiring Harness,Pune,4047
2025-02-01,SKU-06-08,Wiring Harness,Pune,4208
2025-03-01,SKU-06-08,Wiring Harness,Pune,3735
2025-04-01,SKU-06-08,Wiring Harness,Pune,4601
2025-05-01,SKU-06-08,Wiring Harness,Pune,3697
2025-06-01,SKU-06-08,Wiring Harness,Pune,3961
2025-07-01,SKU-06-08,Wiring Harness,Pune,3711
2025-08-01,SKU-06-08,Wiring Harness,Pune,3700
2025-09-01,SKU-06-08,Wiring Harness,Pune,3408
2025-10-01,SKU-06-08,Wiring Harness,Pune,3404
2025-11-01,SKU-06-08,Wiring Harness,Pune,4129
2025-12-01,SKU-06-08,Wiring Harness,Pune,3732
2024-01-01,SKU-07-01,Brake Assembly,Bengaluru EV Plant,6657
2024-02-01,SKU-07-01,Brake Assembly,Bengaluru EV Plant,7535
2024-03-01,SKU-07-01,Brake Assembly,Bengaluru EV Plant,8166
2024-04-01,SKU-07-01,Brake Assembly,Bengaluru EV Plant,6626
2024-05-01,SKU-07-01,Brake Assembly,Bengaluru EV Plant,7454
2024-06-01,SKU-07-01,Brake Assembly,Bengaluru EV Plant,7339
2024-07-01,SKU-07-01,Brake Assembly,Bengaluru EV Plant,6414
2024-08-01,SKU-07-01,Brake Assembly,Bengaluru EV Plant,6644
2024-09-01,SKU-07-01,Brake Assembly,Bengaluru EV Plant,5985
2024-10-01,SKU-07-01,Brake Assembly,Bengaluru EV Plant,6692
2024-11-01,SKU-07-01,Brake Assembly,Bengaluru EV Plant,6575
2024-12-01,SKU-07-01,Brake Assembly,Bengaluru EV Plant,7115
2025-01-01,SKU-07-01,Brake Assembly,Bengaluru EV Plant,6558
2025-02-01,SKU-07-01,Brake Assembly,Bengaluru EV Plant,7575
2025-03-01,SKU-07-01,Brake Assembly,Bengaluru EV Plant,7628
2025-04-01,SKU-07-01,Brake Assembly,Bengaluru EV Plant,7806
2025-05-01,SKU-07-01,Brake Assembly,Bengaluru EV Plant,8437
2025-06-01,SKU-07-01,Brake Assembly,Bengaluru EV Plant,7747
2025-07-01,SKU-07-01,Brake Assembly,Bengaluru EV Plant,7574
2025-08-01,SKU-07-01,Brake Assembly,Bengaluru EV Plant,6807
2025-09-01,SKU-07-01,Brake Assembly,Bengaluru EV Plant,8294
2025-10-01,SKU-07-01,Brake Assembly,Bengaluru EV Plant,7080
2025-11-01,SKU-07-01,Brake Assembly,Bengaluru EV Plant,7573
2025-12-01,SKU-07-01,Brake Assembly,Bengaluru EV Plant,6962
2024-01-01,SKU-07-02,Brake Assembly,Pune,6138
2024-02-01,SKU-07-02,Brake Assembly,Pune,6034
2024-03-01,SKU-07-02,Brake Assembly,Pune,5819
2024-04-01,SKU-07-02,Brake Assembly,Pune,6132
2024-05-01,SKU-07-02,Brake Assembly,Pune,6708
2024-06-01,SKU-07-02,Brake Assembly,Pune,6268
2024-07-01,SKU-07-02,Brake Assembly,Pune,6373
2024-08-01,SKU-07-02,Brake Assembly,Pune,6156
2024-09-01,SKU-07-02,Brake Assembly,Pune,5758
2024-10-01,SKU-07-02,Brake Assembly,Pune,5628
2024-11-01,SKU-07-02,Brake Assembly,Pune,5982
2024-12-01,SKU-07-02,Brake Assembly,Pune,5763
2025-01-01,SKU-07-02,Brake Assembly,Pune,6847
2025-02-01,SKU-07-02,Brake Assembly,Pune,6181
2025-03-01,SKU-07-02,Brake Assembly,Pune,6886
2025-04-01,SKU-07-02,Brake Assembly,Pune,6492
2025-05-01,SKU-07-02,Brake Assembly,Pune,7123
2025-06-01,SKU-07-02,Brake Assembly,Pune,6986
2025-07-01,SKU-07-02,Brake Assembly,Pune,6058
2025-08-01,SKU-07-02,Brake Assembly,Pune,6442
2025-09-01,SKU-07-02,Brake Assembly,Pune,5744
2025-10-01,SKU-07-02,Brake Assembly,Pune,5999
2025-11-01,SKU-07-02,Brake Assembly,Pune,5337
2025-12-01,SKU-07-02,Brake Assembly,Pune,6040
2024-01-01,SKU-07-03,Brake Assembly,Gurugram,696
2024-02-01,SKU-07-03,Brake Assembly,Gurugram,730
2024-03-01,SKU-07-03,Brake Assembly,Gurugram,867
2024-04-01,SKU-07-03,Brake Assembly,Gurugram,666
2024-05-01,SKU-07-03,Brake Assembly,Gurugram,826
2024-06-01,SKU-07-03,Brake Assembly,Gurugram,925
2024-07-01,SKU-07-03,Brake Assembly,Gurugram,771
2024-08-01,SKU-07-03,Brake Assembly,Gurugram,811
2024-09-01,SKU-07-03,Brake Assembly,Gurugram,725
2024-10-01,SKU-07-03,Brake Assembly,Gurugram,712
2024-11-01,SKU-07-03,Brake Assembly,Gurugram,803
2024-12-01,SKU-07-03,Brake Assembly,Gurugram,775
2025-01-01,SKU-07-03,Brake Assembly,Gurugram,808
2025-02-01,SKU-07-03,Brake Assembly,Gurugram,738
2025-03-01,SKU-07-03,Brake Assembly,Gurugram,864
2025-04-01,SKU-07-03,Brake Assembly,Gurugram,823
2025-05-01,SKU-07-03,Brake Assembly,Gurugram,760
2025-06-01,SKU-07-03,Brake Assembly,Gurugram,715
2025-07-01,SKU-07-03,Brake Assembly,Gurugram,654
2025-08-01,SKU-07-03,Brake Assembly,Gurugram,799
2025-09-01,SKU-07-03,Brake Assembly,Gurugram,699
2025-10-01,SKU-07-03,Brake Assembly,Gurugram,678
2025-11-01,SKU-07-03,Brake Assembly,Gurugram,647
2025-12-01,SKU-07-03,Brake Assembly,Gurugram,698
2024-01-01,SKU-07-04,Brake Assembly,Sanand,5258
2024-02-01,SKU-07-04,Brake Assembly,Sanand,5073
2024-03-01,SKU-07-04,Brake Assembly,Sanand,6673
2024-04-01,SKU-07-04,Brake Assembly,Sanand,6067
2024-05-01,SKU-07-04,Brake Assembly,Sanand,5245
2024-06-01,SKU-07-04,Brake Assembly,Sanand,5026
2024-07-01,SKU-07-04,Brake Assembly,Sanand,5340
2024-08-01,SKU-07-04,Brake Assembly,Sanand,4604
2024-09-01,SKU-07-04,Brake Assembly,Sanand,5108
2024-10-01,SKU-07-04,Brake Assembly,Sanand,5147
2024-11-01,SKU-07-04,Brake Assembly,Sanand,5178
2024-12-01,SKU-07-04,Brake Assembly,Sanand,4783
2025-01-01,SKU-07-04,Brake Assembly,Sanand,5294
2025-02-01,SKU-07-04,Brake Assembly,Sanand,4610
2025-03-01,SKU-07-04,Brake Assembly,Sanand,5449
2025-04-01,SKU-07-04,Brake Assembly,Sanand,5006
2025-05-01,SKU-07-04,Brake Assembly,Sanand,5194
2025-06-01,SKU-07-04,Brake Assembly,Sanand,5214
2025-07-01,SKU-07-04,Brake Assembly,Sanand,5916
2025-08-01,SKU-07-04,Brake Assembly,Sanand,4595
2025-09-01,SKU-07-04,Brake Assembly,Sanand,5266
2025-10-01,SKU-07-04,Brake Assembly,Sanand,4855
2025-11-01,SKU-07-04,Brake Assembly,Sanand,5393
2025-12-01,SKU-07-04,Brake Assembly,Sanand,4987
2024-01-01,SKU-07-05,Brake Assembly,Sanand,4634
2024-02-01,SKU-07-05,Brake Assembly,Sanand,4879
2024-03-01,SKU-07-05,Brake Assembly,Sanand,5220
2024-04-01,SKU-07-05,Brake Assembly,Sanand,4354
2024-05-01,SKU-07-05,Brake Assembly,Sanand,5118
2024-06-01,SKU-07-05,Brake Assembly,Sanand,5369
2024-07-01,SKU-07-05,Brake Assembly,Sanand,4910
2024-08-01,SKU-07-05,Brake Assembly,Sanand,4174
2024-09-01,SKU-07-05,Brake Assembly,Sanand,4071
2024-10-01,SKU-07-05,Brake Assembly,Sanand,4261
2024-11-01,SKU-07-05,Brake Assembly,Sanand,4243
2024-12-01,SKU-07-05,Brake Assembly,Sanand,3764
2025-01-01,SKU-07-05,Brake Assembly,Sanand,4883
2025-02-01,SKU-07-05,Brake Assembly,Sanand,5673
2025-03-01,SKU-07-05,Brake Assembly,Sanand,5234
2025-04-01,SKU-07-05,Brake Assembly,Sanand,5095
2025-05-01,SKU-07-05,Brake Assembly,Sanand,5527
2025-06-01,SKU-07-05,Brake Assembly,Sanand,4888
2025-07-01,SKU-07-05,Brake Assembly,Sanand,5212
2025-08-01,SKU-07-05,Brake Assembly,Sanand,4870
2025-09-01,SKU-07-05,Brake Assembly,Sanand,4704
2025-10-01,SKU-07-05,Brake Assembly,Sanand,4290
2025-11-01,SKU-07-05,Brake Assembly,Sanand,4421
2025-12-01,SKU-07-05,Brake Assembly,Sanand,4533
2024-01-01,SKU-07-06,Brake Assembly,Bengaluru EV Plant,1499
2024-02-01,SKU-07-06,Brake Assembly,Bengaluru EV Plant,1354
2024-03-01,SKU-07-06,Brake Assembly,Bengaluru EV Plant,1605
2024-04-01,SKU-07-06,Brake Assembly,Bengaluru EV Plant,1614
2024-05-01,SKU-07-06,Brake Assembly,Bengaluru EV Plant,1608
2024-06-01,SKU-07-06,Brake Assembly,Bengaluru EV Plant,1583
2024-07-01,SKU-07-06,Brake Assembly,Bengaluru EV Plant,1343
2024-08-01,SKU-07-06,Brake Assembly,Bengaluru EV Plant,1298
2024-09-01,SKU-07-06,Brake Assembly,Bengaluru EV Plant,1223
2024-10-01,SKU-07-06,Brake Assembly,Bengaluru EV Plant,1213
2024-11-01,SKU-07-06,Brake Assembly,Bengaluru EV Plant,1392
2024-12-01,SKU-07-06,Brake Assembly,Bengaluru EV Plant,1210
2025-01-01,SKU-07-06,Brake Assembly,Bengaluru EV Plant,1460
2025-02-01,SKU-07-06,Brake Assembly,Bengaluru EV Plant,1492
2025-03-01,SKU-07-06,Brake Assembly,Bengaluru EV Plant,1347
2025-04-01,SKU-07-06,Brake Assembly,Bengaluru EV Plant,1504
2025-05-01,SKU-07-06,Brake Assembly,Bengaluru EV Plant,1737
2025-06-01,SKU-07-06,Brake Assembly,Bengaluru EV Plant,1253
2025-07-01,SKU-07-06,Brake Assembly,Bengaluru EV Plant,1566
2025-08-01,SKU-07-06,Brake Assembly,Bengaluru EV Plant,1541
2025-09-01,SKU-07-06,Brake Assembly,Bengaluru EV Plant,1403
2025-10-01,SKU-07-06,Brake Assembly,Bengaluru EV Plant,1174
2025-11-01,SKU-07-06,Brake Assembly,Bengaluru EV Plant,1357
2025-12-01,SKU-07-06,Brake Assembly,Bengaluru EV Plant,1164
2024-01-01,SKU-07-07,Brake Assembly,Bengaluru EV Plant,5577
2024-02-01,SKU-07-07,Brake Assembly,Bengaluru EV Plant,6740
2024-03-01,SKU-07-07,Brake Assembly,Bengaluru EV Plant,7037
2024-04-01,SKU-07-07,Brake Assembly,Bengaluru EV Plant,6719
2024-05-01,SKU-07-07,Brake Assembly,Bengaluru EV Plant,6357
2024-06-01,SKU-07-07,Brake Assembly,Bengaluru EV Plant,5989
2024-07-01,SKU-07-07,Brake Assembly,Bengaluru EV Plant,5956
2024-08-01,SKU-07-07,Brake Assembly,Bengaluru EV Plant,5863
2024-09-01,SKU-07-07,Brake Assembly,Bengaluru EV Plant,5576
2024-10-01,SKU-07-07,Brake Assembly,Bengaluru EV Plant,5518
2024-11-01,SKU-07-07,Brake Assembly,Bengaluru EV Plant,5776
2024-12-01,SKU-07-07,Brake Assembly,Bengaluru EV Plant,5732
2025-01-01,SKU-07-07,Brake Assembly,Bengaluru EV Plant,5492
2025-02-01,SKU-07-07,Brake Assembly,Bengaluru EV Plant,6552
2025-03-01,SKU-07-07,Brake Assembly,Bengaluru EV Plant,6245
2025-04-01,SKU-07-07,Brake Assembly,Bengaluru EV Plant,6376
2025-05-01,SKU-07-07,Brake Assembly,Bengaluru EV Plant,6310
2025-06-01,SKU-07-07,Brake Assembly,Bengaluru EV Plant,5799
2025-07-01,SKU-07-07,Brake Assembly,Bengaluru EV Plant,6710
2025-08-01,SKU-07-07,Brake Assembly,Bengaluru EV Plant,5709
2025-09-01,SKU-07-07,Brake Assembly,Bengaluru EV Plant,5336
2025-10-01,SKU-07-07,Brake Assembly,Bengaluru EV Plant,5563
2025-11-01,SKU-07-07,Brake Assembly,Bengaluru EV Plant,5999
2025-12-01,SKU-07-07,Brake Assembly,Bengaluru EV Plant,6422
2024-01-01,SKU-07-08,Brake Assembly,Sanand,3573
2024-02-01,SKU-07-08,Brake Assembly,Sanand,3223
2024-03-01,SKU-07-08,Brake Assembly,Sanand,4213
2024-04-01,SKU-07-08,Brake Assembly,Sanand,3850
2024-05-01,SKU-07-08,Brake Assembly,Sanand,3975
2024-06-01,SKU-07-08,Brake Assembly,Sanand,3635
2024-07-01,SKU-07-08,Brake Assembly,Sanand,3756
2024-08-01,SKU-07-08,Brake Assembly,Sanand,3282
2024-09-01,SKU-07-08,Brake Assembly,Sanand,3650
2024-10-01,SKU-07-08,Brake Assembly,Sanand,3056
2024-11-01,SKU-07-08,Brake Assembly,Sanand,2944
2024-12-01,SKU-07-08,Brake Assembly,Sanand,3270
2025-01-01,SKU-07-08,Brake Assembly,Sanand,3358
2025-02-01,SKU-07-08,Brake Assembly,Sanand,3817
2025-03-01,SKU-07-08,Brake Assembly,Sanand,4114
2025-04-01,SKU-07-08,Brake Assembly,Sanand,4252
2025-05-01,SKU-07-08,Brake Assembly,Sanand,3816
2025-06-01,SKU-07-08,Brake Assembly,Sanand,4016
2025-07-01,SKU-07-08,Brake Assembly,Sanand,3511
2025-08-01,SKU-07-08,Brake Assembly,Sanand,3886
2025-09-01,SKU-07-08,Brake Assembly,Sanand,3268
2025-10-01,SKU-07-08,Brake Assembly,Sanand,3532
2025-11-01,SKU-07-08,Brake Assembly,Sanand,3576
2025-12-01,SKU-07-08,Brake Assembly,Sanand,3364
2024-01-01,SKU-08-01,Motor Controller,Sanand,4390
2024-02-01,SKU-08-01,Motor Controller,Sanand,5507
2024-03-01,SKU-08-01,Motor Controller,Sanand,4573
2024-04-01,SKU-08-01,Motor Controller,Sanand,4460
2024-05-01,SKU-08-01,Motor Controller,Sanand,4956
2024-06-01,SKU-08-01,Motor Controller,Sanand,4433
2024-07-01,SKU-08-01,Motor Controller,Sanand,4251
2024-08-01,SKU-08-01,Motor Controller,Sanand,4558
2024-09-01,SKU-08-01,Motor Controller,Sanand,3663
2024-10-01,SKU-08-01,Motor Controller,Sanand,3932
2024-11-01,SKU-08-01,Motor Controller,Sanand,4158
2024-12-01,SKU-08-01,Motor Controller,Sanand,4735
2025-01-01,SKU-08-01,Motor Controller,Sanand,4336
2025-02-01,SKU-08-01,Motor Controller,Sanand,4865
2025-03-01,SKU-08-01,Motor Controller,Sanand,4427
2025-04-01,SKU-08-01,Motor Controller,Sanand,4386
2025-05-01,SKU-08-01,Motor Controller,Sanand,5229
2025-06-01,SKU-08-01,Motor Controller,Sanand,4694
2025-07-01,SKU-08-01,Motor Controller,Sanand,4712
2025-08-01,SKU-08-01,Motor Controller,Sanand,3715
2025-09-01,SKU-08-01,Motor Controller,Sanand,4700
2025-10-01,SKU-08-01,Motor Controller,Sanand,4552
2025-11-01,SKU-08-01,Motor Controller,Sanand,4227
2025-12-01,SKU-08-01,Motor Controller,Sanand,3872
2024-01-01,SKU-08-02,Motor Controller,Gurugram,4642
2024-02-01,SKU-08-02,Motor Controller,Gurugram,4940
2024-03-01,SKU-08-02,Motor Controller,Gurugram,5024
2024-04-01,SKU-08-02,Motor Controller,Gurugram,5226
2024-05-01,SKU-08-02,Motor Controller,Gurugram,5413
2024-06-01,SKU-08-02,Motor Controller,Gurugram,4507
2024-07-01,SKU-08-02,Motor Controller,Gurugram,5027
2024-08-01,SKU-08-02,Motor Controller,Gurugram,4492
2024-09-01,SKU-08-02,Motor Controller,Gurugram,4296
2024-10-01,SKU-08-02,Motor Controller,Gurugram,5142
2024-11-01,SKU-08-02,Motor Controller,Gurugram,4807
2024-12-01,SKU-08-02,Motor Controller,Gurugram,4448
2025-01-01,SKU-08-02,Motor Controller,Gurugram,5035
2025-02-01,SKU-08-02,Motor Controller,Gurugram,5159
2025-03-01,SKU-08-02,Motor Controller,Gurugram,5574
2025-04-01,SKU-08-02,Motor Controller,Gurugram,5417
2025-05-01,SKU-08-02,Motor Controller,Gurugram,6046
2025-06-01,SKU-08-02,Motor Controller,Gurugram,5073
2025-07-01,SKU-08-02,Motor Controller,Gurugram,4939
2025-08-01,SKU-08-02,Motor Controller,Gurugram,4628
2025-09-01,SKU-08-02,Motor Controller,Gurugram,4993
2025-10-01,SKU-08-02,Motor Controller,Gurugram,5116
2025-11-01,SKU-08-02,Motor Controller,Gurugram,4284
2025-12-01,SKU-08-02,Motor Controller,Gurugram,5419
2024-01-01,SKU-08-03,Motor Controller,Gurugram,3217
2024-02-01,SKU-08-03,Motor Controller,Gurugram,3443
2024-03-01,SKU-08-03,Motor Controller,Gurugram,3174
2024-04-01,SKU-08-03,Motor Controller,Gurugram,3575
2024-05-01,SKU-08-03,Motor Controller,Gurugram,2969
2024-06-01,SKU-08-03,Motor Controller,Gurugram,2882
2024-07-01,SKU-08-03,Motor Controller,Gurugram,3123
2024-08-01,SKU-08-03,Motor Controller,Gurugram,3044
2024-09-01,SKU-08-03,Motor Controller,Gurugram,3234
2024-10-01,SKU-08-03,Motor Controller,Gurugram,3096
2024-11-01,SKU-08-03,Motor Controller,Gurugram,3033
2024-12-01,SKU-08-03,Motor Controller,Gurugram,3310
2025-01-01,SKU-08-03,Motor Controller,Gurugram,3182
2025-02-01,SKU-08-03,Motor Controller,Gurugram,3536
2025-03-01,SKU-08-03,Motor Controller,Gurugram,3709
2025-04-01,SKU-08-03,Motor Controller,Gurugram,3676
2025-05-01,SKU-08-03,Motor Controller,Gurugram,3506
2025-06-01,SKU-08-03,Motor Controller,Gurugram,3217
2025-07-01,SKU-08-03,Motor Controller,Gurugram,2827
2025-08-01,SKU-08-03,Motor Controller,Gurugram,2641
2025-09-01,SKU-08-03,Motor Controller,Gurugram,3448
2025-10-01,SKU-08-03,Motor Controller,Gurugram,3311
2025-11-01,SKU-08-03,Motor Controller,Gurugram,2831
2025-12-01,SKU-08-03,Motor Controller,Gurugram,3335
2024-01-01,SKU-08-04,Motor Controller,Sanand,4884
2024-02-01,SKU-08-04,Motor Controller,Sanand,5854
2024-03-01,SKU-08-04,Motor Controller,Sanand,6873
2024-04-01,SKU-08-04,Motor Controller,Sanand,6966
2024-05-01,SKU-08-04,Motor Controller,Sanand,6529
2024-06-01,SKU-08-04,Motor Controller,Sanand,6993
2024-07-01,SKU-08-04,Motor Controller,Sanand,5543
2024-08-01,SKU-08-04,Motor Controller,Sanand,5971
2024-09-01,SKU-08-04,Motor Controller,Sanand,5635
2024-10-01,SKU-08-04,Motor Controller,Sanand,5550
2024-11-01,SKU-08-04,Motor Controller,Sanand,6294
2024-12-01,SKU-08-04,Motor Controller,Sanand,5734
2025-01-01,SKU-08-04,Motor Controller,Sanand,7149
2025-02-01,SKU-08-04,Motor Controller,Sanand,6946
2025-03-01,SKU-08-04,Motor Controller,Sanand,6342
2025-04-01,SKU-08-04,Motor Controller,Sanand,7935
2025-05-01,SKU-08-04,Motor Controller,Sanand,6670
2025-06-01,SKU-08-04,Motor Controller,Sanand,6262
2025-07-01,SKU-08-04,Motor Controller,Sanand,6173
2025-08-01,SKU-08-04,Motor Controller,Sanand,6351
2025-09-01,SKU-08-04,Motor Controller,Sanand,6255
2025-10-01,SKU-08-04,Motor Controller,Sanand,5519
2025-11-01,SKU-08-04,Motor Controller,Sanand,5482
2025-12-01,SKU-08-04,Motor Controller,Sanand,5588
2024-01-01,SKU-08-05,Motor Controller,Bengaluru EV Plant,6647
2024-02-01,SKU-08-05,Motor Controller,Bengaluru EV Plant,6920
2024-03-01,SKU-08-05,Motor Controller,Bengaluru EV Plant,7522
2024-04-01,SKU-08-05,Motor Controller,Bengaluru EV Plant,8083
2024-05-01,SKU-08-05,Motor Controller,Bengaluru EV Plant,7372
2024-06-01,SKU-08-05,Motor Controller,Bengaluru EV Plant,8458
2024-07-01,SKU-08-05,Motor Controller,Bengaluru EV Plant,6787
2024-08-01,SKU-08-05,Motor Controller,Bengaluru EV Plant,6877
2024-09-01,SKU-08-05,Motor Controller,Bengaluru EV Plant,6546
2024-10-01,SKU-08-05,Motor Controller,Bengaluru EV Plant,7327
2024-11-01,SKU-08-05,Motor Controller,Bengaluru EV Plant,6481
2024-12-01,SKU-08-05,Motor Controller,Bengaluru EV Plant,6553
2025-01-01,SKU-08-05,Motor Controller,Bengaluru EV Plant,8004
2025-02-01,SKU-08-05,Motor Controller,Bengaluru EV Plant,7938
2025-03-01,SKU-08-05,Motor Controller,Bengaluru EV Plant,8760
2025-04-01,SKU-08-05,Motor Controller,Bengaluru EV Plant,7676
2025-05-01,SKU-08-05,Motor Controller,Bengaluru EV Plant,7318
2025-06-01,SKU-08-05,Motor Controller,Bengaluru EV Plant,8285
2025-07-01,SKU-08-05,Motor Controller,Bengaluru EV Plant,7657
2025-08-01,SKU-08-05,Motor Controller,Bengaluru EV Plant,7351
2025-09-01,SKU-08-05,Motor Controller,Bengaluru EV Plant,7193
2025-10-01,SKU-08-05,Motor Controller,Bengaluru EV Plant,7337
2025-11-01,SKU-08-05,Motor Controller,Bengaluru EV Plant,7678
2025-12-01,SKU-08-05,Motor Controller,Bengaluru EV Plant,6642
2024-01-01,SKU-08-06,Motor Controller,Chennai,5416
2024-02-01,SKU-08-06,Motor Controller,Chennai,5941
2024-03-01,SKU-08-06,Motor Controller,Chennai,5282
2024-04-01,SKU-08-06,Motor Controller,Chennai,6232
2024-05-01,SKU-08-06,Motor Controller,Chennai,6394
2024-06-01,SKU-08-06,Motor Controller,Chennai,6309
2024-07-01,SKU-08-06,Motor Controller,Chennai,6836
2024-08-01,SKU-08-06,Motor Controller,Chennai,5550
2024-09-01,SKU-08-06,Motor Controller,Chennai,4566
2024-10-01,SKU-08-06,Motor Controller,Chennai,6180
2024-11-01,SKU-08-06,Motor Controller,Chennai,5164
2024-12-01,SKU-08-06,Motor Controller,Chennai,5501
2025-01-01,SKU-08-06,Motor Controller,Chennai,6098
2025-02-01,SKU-08-06,Motor Controller,Chennai,5747
2025-03-01,SKU-08-06,Motor Controller,Chennai,5574
2025-04-01,SKU-08-06,Motor Controller,Chennai,6102
2025-05-01,SKU-08-06,Motor Controller,Chennai,6755
2025-06-01,SKU-08-06,Motor Controller,Chennai,5316
2025-07-01,SKU-08-06,Motor Controller,Chennai,5785
2025-08-01,SKU-08-06,Motor Controller,Chennai,5155
2025-09-01,SKU-08-06,Motor Controller,Chennai,5853
2025-10-01,SKU-08-06,Motor Controller,Chennai,5799
2025-11-01,SKU-08-06,Motor Controller,Chennai,5191
2025-12-01,SKU-08-06,Motor Controller,Chennai,5043
2024-01-01,SKU-08-07,Motor Controller,Gurugram,7969
2024-02-01,SKU-08-07,Motor Controller,Gurugram,8367
2024-03-01,SKU-08-07,Motor Controller,Gurugram,8073
2024-04-01,SKU-08-07,Motor Controller,Gurugram,7947
2024-05-01,SKU-08-07,Motor Controller,Gurugram,7133
2024-06-01,SKU-08-07,Motor Controller,Gurugram,7719
2024-07-01,SKU-08-07,Motor Controller,Gurugram,7260
2024-08-01,SKU-08-07,Motor Controller,Gurugram,7447
2024-09-01,SKU-08-07,Motor Controller,Gurugram,7151
2024-10-01,SKU-08-07,Motor Controller,Gurugram,6590
2024-11-01,SKU-08-07,Motor Controller,Gurugram,8501
2024-12-01,SKU-08-07,Motor Controller,Gurugram,7925
2025-01-01,SKU-08-07,Motor Controller,Gurugram,8107
2025-02-01,SKU-08-07,Motor Controller,Gurugram,8347
2025-03-01,SKU-08-07,Motor Controller,Gurugram,7114
2025-04-01,SKU-08-07,Motor Controller,Gurugram,7754
2025-05-01,SKU-08-07,Motor Controller,Gurugram,8287
2025-06-01,SKU-08-07,Motor Controller,Gurugram,7878
2025-07-01,SKU-08-07,Motor Controller,Gurugram,8056
2025-08-01,SKU-08-07,Motor Controller,Gurugram,6575
2025-09-01,SKU-08-07,Motor Controller,Gurugram,6046
2025-10-01,SKU-08-07,Motor Controller,Gurugram,7907
2025-11-01,SKU-08-07,Motor Controller,Gurugram,7394
2025-12-01,SKU-08-07,Motor Controller,Gurugram,6562
2024-01-01,SKU-08-08,Motor Controller,Bengaluru EV Plant,1690
2024-02-01,SKU-08-08,Motor Controller,Bengaluru EV Plant,1772
2024-03-01,SKU-08-08,Motor Controller,Bengaluru EV Plant,1760
2024-04-01,SKU-08-08,Motor Controller,Bengaluru EV Plant,1913
2024-05-01,SKU-08-08,Motor Controller,Bengaluru EV Plant,1763
2024-06-01,SKU-08-08,Motor Controller,Bengaluru EV Plant,1663
2024-07-01,SKU-08-08,Motor Controller,Bengaluru EV Plant,1585
2024-08-01,SKU-08-08,Motor Controller,Bengaluru EV Plant,1460
2024-09-01,SKU-08-08,Motor Controller,Bengaluru EV Plant,1367
2024-10-01,SKU-08-08,Motor Controller,Bengaluru EV Plant,1434
2024-11-01,SKU-08-08,Motor Controller,Bengaluru EV Plant,1704
2024-12-01,SKU-08-08,Motor Controller,Bengaluru EV Plant,1852
2025-01-01,SKU-08-08,Motor Controller,Bengaluru EV Plant,1855
2025-02-01,SKU-08-08,Motor Controller,Bengaluru EV Plant,1725
2025-03-01,SKU-08-08,Motor Controller,Bengaluru EV Plant,1850
2025-04-01,SKU-08-08,Motor Controller,Bengaluru EV Plant,2222
2025-05-01,SKU-08-08,Motor Controller,Bengaluru EV Plant,1584
2025-06-01,SKU-08-08,Motor Controller,Bengaluru EV Plant,1789
2025-07-01,SKU-08-08,Motor Controller,Bengaluru EV Plant,1806
2025-08-01,SKU-08-08,Motor Controller,Bengaluru EV Plant,1820
2025-09-01,SKU-08-08,Motor Controller,Bengaluru EV Plant,1524
2025-10-01,SKU-08-08,Motor Controller,Bengaluru EV Plant,1611
2025-11-01,SKU-08-08,Motor Controller,Bengaluru EV Plant,1318
2025-12-01,SKU-08-08,Motor Controller,Bengaluru EV Plant,1493
2024-01-01,SKU-09-01,Tire,Gurugram,713
2024-02-01,SKU-09-01,Tire,Gurugram,680
2024-03-01,SKU-09-01,Tire,Gurugram,823
2024-04-01,SKU-09-01,Tire,Gurugram,721
2024-05-01,SKU-09-01,Tire,Gurugram,823
2024-06-01,SKU-09-01,Tire,Gurugram,777
2024-07-01,SKU-09-01,Tire,Gurugram,688
2024-08-01,SKU-09-01,Tire,Gurugram,623
2024-09-01,SKU-09-01,Tire,Gurugram,607
2024-10-01,SKU-09-01,Tire,Gurugram,676
2024-11-01,SKU-09-01,Tire,Gurugram,642
2024-12-01,SKU-09-01,Tire,Gurugram,637
2025-01-01,SKU-09-01,Tire,Gurugram,715
2025-02-01,SKU-09-01,Tire,Gurugram,669
2025-03-01,SKU-09-01,Tire,Gurugram,792
2025-04-01,SKU-09-01,Tire,Gurugram,769
2025-05-01,SKU-09-01,Tire,Gurugram,726
2025-06-01,SKU-09-01,Tire,Gurugram,754
2025-07-01,SKU-09-01,Tire,Gurugram,752
2025-08-01,SKU-09-01,Tire,Gurugram,894
2025-09-01,SKU-09-01,Tire,Gurugram,676
2025-10-01,SKU-09-01,Tire,Gurugram,592
2025-11-01,SKU-09-01,Tire,Gurugram,618
2025-12-01,SKU-09-01,Tire,Gurugram,514
2024-01-01,SKU-09-02,Tire,Pune,1474
2024-02-01,SKU-09-02,Tire,Pune,1472
2024-03-01,SKU-09-02,Tire,Pune,1878
2024-04-01,SKU-09-02,Tire,Pune,1854
2024-05-01,SKU-09-02,Tire,Pune,1741
2024-06-01,SKU-09-02,Tire,Pune,1659
2024-07-01,SKU-09-02,Tire,Pune,1829
2024-08-01,SKU-09-02,Tire,Pune,1461
2024-09-01,SKU-09-02,Tire,Pune,1422
2024-10-01,SKU-09-02,Tire,Pune,1533
2024-11-01,SKU-09-02,Tire,Pune,1796
2024-12-01,SKU-09-02,Tire,Pune,1601
2025-01-01,SKU-09-02,Tire,Pune,1875
2025-02-01,SKU-09-02,Tire,Pune,1875
2025-03-01,SKU-09-02,Tire,Pune,1618
2025-04-01,SKU-09-02,Tire,Pune,1849
2025-05-01,SKU-09-02,Tire,Pune,1603
2025-06-01,SKU-09-02,Tire,Pune,1744
2025-07-01,SKU-09-02,Tire,Pune,1597
2025-08-01,SKU-09-02,Tire,Pune,1584
2025-09-01,SKU-09-02,Tire,Pune,1492
2025-10-01,SKU-09-02,Tire,Pune,1333
2025-11-01,SKU-09-02,Tire,Pune,1570
2025-12-01,SKU-09-02,Tire,Pune,1791
2024-01-01,SKU-09-03,Tire,Gurugram,6668
2024-02-01,SKU-09-03,Tire,Gurugram,6649
2024-03-01,SKU-09-03,Tire,Gurugram,6395
2024-04-01,SKU-09-03,Tire,Gurugram,6445
2024-05-01,SKU-09-03,Tire,Gurugram,5753
2024-06-01,SKU-09-03,Tire,Gurugram,5936
2024-07-01,SKU-09-03,Tire,Gurugram,5667
2024-08-01,SKU-09-03,Tire,Gurugram,5903
2024-09-01,SKU-09-03,Tire,Gurugram,5378
2024-10-01,SKU-09-03,Tire,Gurugram,7040
2024-11-01,SKU-09-03,Tire,Gurugram,4986
2024-12-01,SKU-09-03,Tire,Gurugram,5397
2025-01-01,SKU-09-03,Tire,Gurugram,5999
2025-02-01,SKU-09-03,Tire,Gurugram,6436
2025-03-01,SKU-09-03,Tire,Gurugram,7168
2025-04-01,SKU-09-03,Tire,Gurugram,6571
2025-05-01,SKU-09-03,Tire,Gurugram,6740
2025-06-01,SKU-09-03,Tire,Gurugram,6816
2025-07-01,SKU-09-03,Tire,Gurugram,5928
2025-08-01,SKU-09-03,Tire,Gurugram,6002
2025-09-01,SKU-09-03,Tire,Gurugram,5564
2025-10-01,SKU-09-03,Tire,Gurugram,5378
2025-11-01,SKU-09-03,Tire,Gurugram,5895
2025-12-01,SKU-09-03,Tire,Gurugram,6388
2024-01-01,SKU-09-04,Tire,Bengaluru EV Plant,3274
2024-02-01,SKU-09-04,Tire,Bengaluru EV Plant,3580
2024-03-01,SKU-09-04,Tire,Bengaluru EV Plant,4182
2024-04-01,SKU-09-04,Tire,Bengaluru EV Plant,3911
2024-05-01,SKU-09-04,Tire,Bengaluru EV Plant,3454
2024-06-01,SKU-09-04,Tire,Bengaluru EV Plant,3136
2024-07-01,SKU-09-04,Tire,Bengaluru EV Plant,3412
2024-08-01,SKU-09-04,Tire,Bengaluru EV Plant,3267
2024-09-01,SKU-09-04,Tire,Bengaluru EV Plant,3547
2024-10-01,SKU-09-04,Tire,Bengaluru EV Plant,3576
2024-11-01,SKU-09-04,Tire,Bengaluru EV Plant,3551
2024-12-01,SKU-09-04,Tire,Bengaluru EV Plant,3138
2025-01-01,SKU-09-04,Tire,Bengaluru EV Plant,3257
2025-02-01,SKU-09-04,Tire,Bengaluru EV Plant,3999
2025-03-01,SKU-09-04,Tire,Bengaluru EV Plant,4022
2025-04-01,SKU-09-04,Tire,Bengaluru EV Plant,3776
2025-05-01,SKU-09-04,Tire,Bengaluru EV Plant,3885
2025-06-01,SKU-09-04,Tire,Bengaluru EV Plant,3199
2025-07-01,SKU-09-04,Tire,Bengaluru EV Plant,3030
2025-08-01,SKU-09-04,Tire,Bengaluru EV Plant,3230
2025-09-01,SKU-09-04,Tire,Bengaluru EV Plant,3295
2025-10-01,SKU-09-04,Tire,Bengaluru EV Plant,2799
2025-11-01,SKU-09-04,Tire,Bengaluru EV Plant,3572
2025-12-01,SKU-09-04,Tire,Bengaluru EV Plant,3290
2024-01-01,SKU-09-05,Tire,Chennai,1054
2024-02-01,SKU-09-05,Tire,Chennai,1223
2024-03-01,SKU-09-05,Tire,Chennai,1221
2024-04-01,SKU-09-05,Tire,Chennai,1230
2024-05-01,SKU-09-05,Tire,Chennai,1330
2024-06-01,SKU-09-05,Tire,Chennai,1062
2024-07-01,SKU-09-05,Tire,Chennai,1151
2024-08-01,SKU-09-05,Tire,Chennai,945
2024-09-01,SKU-09-05,Tire,Chennai,1075
2024-10-01,SKU-09-05,Tire,Chennai,1029
2024-11-01,SKU-09-05,Tire,Chennai,940
2024-12-01,SKU-09-05,Tire,Chennai,1125
2025-01-01,SKU-09-05,Tire,Chennai,1188
2025-02-01,SKU-09-05,Tire,Chennai,1109
2025-03-01,SKU-09-05,Tire,Chennai,1140
2025-04-01,SKU-09-05,Tire,Chennai,1390
2025-05-01,SKU-09-05,Tire,Chennai,1078
2025-06-01,SKU-09-05,Tire,Chennai,991
2025-07-01,SKU-09-05,Tire,Chennai,901
2025-08-01,SKU-09-05,Tire,Chennai,1015
2025-09-01,SKU-09-05,Tire,Chennai,984
2025-10-01,SKU-09-05,Tire,Chennai,1025
2025-11-01,SKU-09-05,Tire,Chennai,845
2025-12-01,SKU-09-05,Tire,Chennai,1132
2024-01-01,SKU-09-06,Tire,Sanand,6377
2024-02-01,SKU-09-06,Tire,Sanand,6913
2024-03-01,SKU-09-06,Tire,Sanand,7230
2024-04-01,SKU-09-06,Tire,Sanand,6141
2024-05-01,SKU-09-06,Tire,Sanand,8274
2024-06-01,SKU-09-06,Tire,Sanand,7400
2024-07-01,SKU-09-06,Tire,Sanand,6665
2024-08-01,SKU-09-06,Tire,Sanand,7381
2024-09-01,SKU-09-06,Tire,Sanand,6617
2024-10-01,SKU-09-06,Tire,Sanand,7123
2024-11-01,SKU-09-06,Tire,Sanand,6586
2024-12-01,SKU-09-06,Tire,Sanand,6288
2025-01-01,SKU-09-06,Tire,Sanand,6693
2025-02-01,SKU-09-06,Tire,Sanand,6834
2025-03-01,SKU-09-06,Tire,Sanand,7610
2025-04-01,SKU-09-06,Tire,Sanand,7841
2025-05-01,SKU-09-06,Tire,Sanand,7124
2025-06-01,SKU-09-06,Tire,Sanand,7758
2025-07-01,SKU-09-06,Tire,Sanand,6961
2025-08-01,SKU-09-06,Tire,Sanand,8205
2025-09-01,SKU-09-06,Tire,Sanand,6443
2025-10-01,SKU-09-06,Tire,Sanand,5701
2025-11-01,SKU-09-06,Tire,Sanand,7000
2025-12-01,SKU-09-06,Tire,Sanand,6903
2024-01-01,SKU-09-07,Tire,Sanand,2634
2024-02-01,SKU-09-07,Tire,Sanand,2513
2024-03-01,SKU-09-07,Tire,Sanand,2542
2024-04-01,SKU-09-07,Tire,Sanand,2693
2024-05-01,SKU-09-07,Tire,Sanand,2663
2024-06-01,SKU-09-07,Tire,Sanand,2742
2024-07-01,SKU-09-07,Tire,Sanand,2565
2024-08-01,SKU-09-07,Tire,Sanand,1873
2024-09-01,SKU-09-07,Tire,Sanand,2465
2024-10-01,SKU-09-07,Tire,Sanand,2417
2024-11-01,SKU-09-07,Tire,Sanand,2744
2024-12-01,SKU-09-07,Tire,Sanand,2363
2025-01-01,SKU-09-07,Tire,Sanand,2359
2025-02-01,SKU-09-07,Tire,Sanand,2538
2025-03-01,SKU-09-07,Tire,Sanand,2735
2025-04-01,SKU-09-07,Tire,Sanand,2718
2025-05-01,SKU-09-07,Tire,Sanand,2920
2025-06-01,SKU-09-07,Tire,Sanand,3118
2025-07-01,SKU-09-07,Tire,Sanand,2800
2025-08-01,SKU-09-07,Tire,Sanand,2470
2025-09-01,SKU-09-07,Tire,Sanand,2494
2025-10-01,SKU-09-07,Tire,Sanand,2413
2025-11-01,SKU-09-07,Tire,Sanand,2710
2025-12-01,SKU-09-07,Tire,Sanand,2114
2024-01-01,SKU-09-08,Tire,Pune,5593
2024-02-01,SKU-09-08,Tire,Pune,6039
2024-03-01,SKU-09-08,Tire,Pune,6051
2024-04-01,SKU-09-08,Tire,Pune,6668
2024-05-01,SKU-09-08,Tire,Pune,5894
2024-06-01,SKU-09-08,Tire,Pune,5749
2024-07-01,SKU-09-08,Tire,Pune,5211
2024-08-01,SKU-09-08,Tire,Pune,5392
2024-09-01,SKU-09-08,Tire,Pune,4575
2024-10-01,SKU-09-08,Tire,Pune,5421
2024-11-01,SKU-09-08,Tire,Pune,5249
2024-12-01,SKU-09-08,Tire,Pune,5488
2025-01-01,SKU-09-08,Tire,Pune,5397
2025-02-01,SKU-09-08,Tire,Pune,6544
2025-03-01,SKU-09-08,Tire,Pune,6014
2025-04-01,SKU-09-08,Tire,Pune,5980
2025-05-01,SKU-09-08,Tire,Pune,5726
2025-06-01,SKU-09-08,Tire,Pune,6086
2025-07-01,SKU-09-08,Tire,Pune,6051
2025-08-01,SKU-09-08,Tire,Pune,5929
2025-09-01,SKU-09-08,Tire,Pune,4418
2025-10-01,SKU-09-08,Tire,Pune,5258
2025-11-01,SKU-09-08,Tire,Pune,4869
2025-12-01,SKU-09-08,Tire,Pune,5236
2024-01-01,SKU-10-01,Infotainment Unit,Pune,1076
2024-02-01,SKU-10-01,Infotainment Unit,Pune,1459
2024-03-01,SKU-10-01,Infotainment Unit,Pune,1229
2024-04-01,SKU-10-01,Infotainment Unit,Pune,1391
2024-05-01,SKU-10-01,Infotainment Unit,Pune,1527
2024-06-01,SKU-10-01,Infotainment Unit,Pune,1321
2024-07-01,SKU-10-01,Infotainment Unit,Pune,1187
2024-08-01,SKU-10-01,Infotainment Unit,Pune,1209
2024-09-01,SKU-10-01,Infotainment Unit,Pune,1237
2024-10-01,SKU-10-01,Infotainment Unit,Pune,1196
2024-11-01,SKU-10-01,Infotainment Unit,Pune,1204
2024-12-01,SKU-10-01,Infotainment Unit,Pune,1228
2025-01-01,SKU-10-01,Infotainment Unit,Pune,1221
2025-02-01,SKU-10-01,Infotainment Unit,Pune,1197
2025-03-01,SKU-10-01,Infotainment Unit,Pune,1363
2025-04-01,SKU-10-01,Infotainment Unit,Pune,1425
2025-05-01,SKU-10-01,Infotainment Unit,Pune,1459
2025-06-01,SKU-10-01,Infotainment Unit,Pune,1215
2025-07-01,SKU-10-01,Infotainment Unit,Pune,1402
2025-08-01,SKU-10-01,Infotainment Unit,Pune,1299
2025-09-01,SKU-10-01,Infotainment Unit,Pune,1156
2025-10-01,SKU-10-01,Infotainment Unit,Pune,1118
2025-11-01,SKU-10-01,Infotainment Unit,Pune,1049
2025-12-01,SKU-10-01,Infotainment Unit,Pune,1290
2024-01-01,SKU-10-02,Infotainment Unit,Sanand,2051
2024-02-01,SKU-10-02,Infotainment Unit,Sanand,2310
2024-03-01,SKU-10-02,Infotainment Unit,Sanand,2444
2024-04-01,SKU-10-02,Infotainment Unit,Sanand,2640
2024-05-01,SKU-10-02,Infotainment Unit,Sanand,2768
2024-06-01,SKU-10-02,Infotainment Unit,Sanand,2094
2024-07-01,SKU-10-02,Infotainment Unit,Sanand,2188
2024-08-01,SKU-10-02,Infotainment Unit,Sanand,2236
2024-09-01,SKU-10-02,Infotainment Unit,Sanand,2381
2024-10-01,SKU-10-02,Infotainment Unit,Sanand,1679
2024-11-01,SKU-10-02,Infotainment Unit,Sanand,2358
2024-12-01,SKU-10-02,Infotainment Unit,Sanand,2136
2025-01-01,SKU-10-02,Infotainment Unit,Sanand,2239
2025-02-01,SKU-10-02,Infotainment Unit,Sanand,2275
2025-03-01,SKU-10-02,Infotainment Unit,Sanand,2598
2025-04-01,SKU-10-02,Infotainment Unit,Sanand,2585
2025-05-01,SKU-10-02,Infotainment Unit,Sanand,2222
2025-06-01,SKU-10-02,Infotainment Unit,Sanand,2369
2025-07-01,SKU-10-02,Infotainment Unit,Sanand,2579
2025-08-01,SKU-10-02,Infotainment Unit,Sanand,2007
2025-09-01,SKU-10-02,Infotainment Unit,Sanand,1995
2025-10-01,SKU-10-02,Infotainment Unit,Sanand,2126
2025-11-01,SKU-10-02,Infotainment Unit,Sanand,1914
2025-12-01,SKU-10-02,Infotainment Unit,Sanand,1865
2024-01-01,SKU-10-03,Infotainment Unit,Sanand,2238
2024-02-01,SKU-10-03,Infotainment Unit,Sanand,1866
2024-03-01,SKU-10-03,Infotainment Unit,Sanand,2628
2024-04-01,SKU-10-03,Infotainment Unit,Sanand,2499
2024-05-01,SKU-10-03,Infotainment Unit,Sanand,2337
2024-06-01,SKU-10-03,Infotainment Unit,Sanand,2553
2024-07-01,SKU-10-03,Infotainment Unit,Sanand,2452
2024-08-01,SKU-10-03,Infotainment Unit,Sanand,2254
2024-09-01,SKU-10-03,Infotainment Unit,Sanand,2077
2024-10-01,SKU-10-03,Infotainment Unit,Sanand,2202
2024-11-01,SKU-10-03,Infotainment Unit,Sanand,2225
2024-12-01,SKU-10-03,Infotainment Unit,Sanand,2236
2025-01-01,SKU-10-03,Infotainment Unit,Sanand,2204
2025-02-01,SKU-10-03,Infotainment Unit,Sanand,2117
2025-03-01,SKU-10-03,Infotainment Unit,Sanand,2517
2025-04-01,SKU-10-03,Infotainment Unit,Sanand,2443
2025-05-01,SKU-10-03,Infotainment Unit,Sanand,2130
2025-06-01,SKU-10-03,Infotainment Unit,Sanand,2147
2025-07-01,SKU-10-03,Infotainment Unit,Sanand,2247
2025-08-01,SKU-10-03,Infotainment Unit,Sanand,2118
2025-09-01,SKU-10-03,Infotainment Unit,Sanand,2158
2025-10-01,SKU-10-03,Infotainment Unit,Sanand,2311
2025-11-01,SKU-10-03,Infotainment Unit,Sanand,2054
2025-12-01,SKU-10-03,Infotainment Unit,Sanand,1951
2024-01-01,SKU-10-04,Infotainment Unit,Gurugram,4748
2024-02-01,SKU-10-04,Infotainment Unit,Gurugram,4064
2024-03-01,SKU-10-04,Infotainment Unit,Gurugram,4450
2024-04-01,SKU-10-04,Infotainment Unit,Gurugram,4870
2024-05-01,SKU-10-04,Infotainment Unit,Gurugram,5112
2024-06-01,SKU-10-04,Infotainment Unit,Gurugram,4683
2024-07-01,SKU-10-04,Infotainment Unit,Gurugram,4608
2024-08-01,SKU-10-04,Infotainment Unit,Gurugram,4246
2024-09-01,SKU-10-04,Infotainment Unit,Gurugram,4193
2024-10-01,SKU-10-04,Infotainment Unit,Gurugram,4298
2024-11-01,SKU-10-04,Infotainment Unit,Gurugram,3913
2024-12-01,SKU-10-04,Infotainment Unit,Gurugram,4799
2025-01-01,SKU-10-04,Infotainment Unit,Gurugram,4795
2025-02-01,SKU-10-04,Infotainment Unit,Gurugram,4786
2025-03-01,SKU-10-04,Infotainment Unit,Gurugram,4796
2025-04-01,SKU-10-04,Infotainment Unit,Gurugram,4767
2025-05-01,SKU-10-04,Infotainment Unit,Gurugram,4150
2025-06-01,SKU-10-04,Infotainment Unit,Gurugram,4648
2025-07-01,SKU-10-04,Infotainment Unit,Gurugram,4840
2025-08-01,SKU-10-04,Infotainment Unit,Gurugram,4276
2025-09-01,SKU-10-04,Infotainment Unit,Gurugram,4079
2025-10-01,SKU-10-04,Infotainment Unit,Gurugram,4167
2025-11-01,SKU-10-04,Infotainment Unit,Gurugram,3564
2025-12-01,SKU-10-04,Infotainment Unit,Gurugram,4105
2024-01-01,SKU-10-05,Infotainment Unit,Sanand,6877
2024-02-01,SKU-10-05,Infotainment Unit,Sanand,7254
2024-03-01,SKU-10-05,Infotainment Unit,Sanand,6801
2024-04-01,SKU-10-05,Infotainment Unit,Sanand,7403
2024-05-01,SKU-10-05,Infotainment Unit,Sanand,6734
2024-06-01,SKU-10-05,Infotainment Unit,Sanand,8048
2024-07-01,SKU-10-05,Infotainment Unit,Sanand,7160
2024-08-01,SKU-10-05,Infotainment Unit,Sanand,6852
2024-09-01,SKU-10-05,Infotainment Unit,Sanand,6566
2024-10-01,SKU-10-05,Infotainment Unit,Sanand,5842
2024-11-01,SKU-10-05,Infotainment Unit,Sanand,6183
2024-12-01,SKU-10-05,Infotainment Unit,Sanand,6370
2025-01-01,SKU-10-05,Infotainment Unit,Sanand,6860
2025-02-01,SKU-10-05,Infotainment Unit,Sanand,8207
2025-03-01,SKU-10-05,Infotainment Unit,Sanand,7413
2025-04-01,SKU-10-05,Infotainment Unit,Sanand,7346
2025-05-01,SKU-10-05,Infotainment Unit,Sanand,7804
2025-06-01,SKU-10-05,Infotainment Unit,Sanand,7422
2025-07-01,SKU-10-05,Infotainment Unit,Sanand,7277
2025-08-01,SKU-10-05,Infotainment Unit,Sanand,7448
2025-09-01,SKU-10-05,Infotainment Unit,Sanand,6558
2025-10-01,SKU-10-05,Infotainment Unit,Sanand,7029
2025-11-01,SKU-10-05,Infotainment Unit,Sanand,6793
2025-12-01,SKU-10-05,Infotainment Unit,Sanand,6866
2024-01-01,SKU-10-06,Infotainment Unit,Chennai,6742
2024-02-01,SKU-10-06,Infotainment Unit,Chennai,7576
2024-03-01,SKU-10-06,Infotainment Unit,Chennai,6795
2024-04-01,SKU-10-06,Infotainment Unit,Chennai,7513
2024-05-01,SKU-10-06,Infotainment Unit,Chennai,6991
2024-06-01,SKU-10-06,Infotainment Unit,Chennai,7670
2024-07-01,SKU-10-06,Infotainment Unit,Chennai,6563
2024-08-01,SKU-10-06,Infotainment Unit,Chennai,6729
2024-09-01,SKU-10-06,Infotainment Unit,Chennai,5641
2024-10-01,SKU-10-06,Infotainment Unit,Chennai,6162
2024-11-01,SKU-10-06,Infotainment Unit,Chennai,7443
2024-12-01,SKU-10-06,Infotainment Unit,Chennai,7059
2025-01-01,SKU-10-06,Infotainment Unit,Chennai,6522
2025-02-01,SKU-10-06,Infotainment Unit,Chennai,7491
2025-03-01,SKU-10-06,Infotainment Unit,Chennai,6446
2025-04-01,SKU-10-06,Infotainment Unit,Chennai,5790
2025-05-01,SKU-10-06,Infotainment Unit,Chennai,7379
2025-06-01,SKU-10-06,Infotainment Unit,Chennai,8089
2025-07-01,SKU-10-06,Infotainment Unit,Chennai,8181
2025-08-01,SKU-10-06,Infotainment Unit,Chennai,6646
2025-09-01,SKU-10-06,Infotainment Unit,Chennai,5978
2025-10-01,SKU-10-06,Infotainment Unit,Chennai,6598
2025-11-01,SKU-10-06,Infotainment Unit,Chennai,6080
2025-12-01,SKU-10-06,Infotainment Unit,Chennai,7186
2024-01-01,SKU-10-07,Infotainment Unit,Gurugram,3248
2024-02-01,SKU-10-07,Infotainment Unit,Gurugram,3848
2024-03-01,SKU-10-07,Infotainment Unit,Gurugram,3605
2024-04-01,SKU-10-07,Infotainment Unit,Gurugram,4356
2024-05-01,SKU-10-07,Infotainment Unit,Gurugram,3555
2024-06-01,SKU-10-07,Infotainment Unit,Gurugram,3842
2024-07-01,SKU-10-07,Infotainment Unit,Gurugram,3937
2024-08-01,SKU-10-07,Infotainment Unit,Gurugram,3475
2024-09-01,SKU-10-07,Infotainment Unit,Gurugram,3265
2024-10-01,SKU-10-07,Infotainment Unit,Gurugram,2789
2024-11-01,SKU-10-07,Infotainment Unit,Gurugram,3630
2024-12-01,SKU-10-07,Infotainment Unit,Gurugram,3415
2025-01-01,SKU-10-07,Infotainment Unit,Gurugram,3467
2025-02-01,SKU-10-07,Infotainment Unit,Gurugram,3863
2025-03-01,SKU-10-07,Infotainment Unit,Gurugram,3708
2025-04-01,SKU-10-07,Infotainment Unit,Gurugram,3999
2025-05-01,SKU-10-07,Infotainment Unit,Gurugram,4166
2025-06-01,SKU-10-07,Infotainment Unit,Gurugram,2886
2025-07-01,SKU-10-07,Infotainment Unit,Gurugram,3203
2025-08-01,SKU-10-07,Infotainment Unit,Gurugram,2746
2025-09-01,SKU-10-07,Infotainment Unit,Gurugram,3329
2025-10-01,SKU-10-07,Infotainment Unit,Gurugram,3280
2025-11-01,SKU-10-07,Infotainment Unit,Gurugram,3501
2025-12-01,SKU-10-07,Infotainment Unit,Gurugram,3475
2024-01-01,SKU-10-08,Infotainment Unit,Gurugram,2077
2024-02-01,SKU-10-08,Infotainment Unit,Gurugram,1799
2024-03-01,SKU-10-08,Infotainment Unit,Gurugram,2130
2024-04-01,SKU-10-08,Infotainment Unit,Gurugram,1919
2024-05-01,SKU-10-08,Infotainment Unit,Gurugram,2020
2024-06-01,SKU-10-08,Infotainment Unit,Gurugram,1596
2024-07-01,SKU-10-08,Infotainment Unit,Gurugram,1697
2024-08-01,SKU-10-08,Infotainment Unit,Gurugram,1683
2024-09-01,SKU-10-08,Infotainment Unit,Gurugram,1837
2024-10-01,SKU-10-08,Infotainment Unit,Gurugram,1597
2024-11-01,SKU-10-08,Infotainment Unit,Gurugram,1616
2024-12-01,SKU-10-08,Infotainment Unit,Gurugram,1602
2025-01-01,SKU-10-08,Infotainment Unit,Gurugram,1782
2025-02-01,SKU-10-08,Infotainment Unit,Gurugram,1929
2025-03-01,SKU-10-08,Infotainment Unit,Gurugram,1968
2025-04-01,SKU-10-08,Infotainment Unit,Gurugram,2022
2025-05-01,SKU-10-08,Infotainment Unit,Gurugram,1758
2025-06-01,SKU-10-08,Infotainment Unit,Gurugram,1922
2025-07-01,SKU-10-08,Infotainment Unit,Gurugram,1887
2025-08-01,SKU-10-08,Infotainment Unit,Gurugram,1656
2025-09-01,SKU-10-08,Infotainment Unit,Gurugram,1788
2025-10-01,SKU-10-08,Infotainment Unit,Gurugram,1557
2025-11-01,SKU-10-08,Infotainment Unit,Gurugram,1569
2025-12-01,SKU-10-08,Infotainment Unit,Gurugram,1741
