date,line,part_id,defect_type,defect_rate,lsl,usl,process_mean,process_std
2025-01-01,Line A,PART-766,Paint Defect,0.0363,48.5,51.5,48.599,0.541
2025-01-01,Line B,PART-324,Paint Defect,0.0182,48.5,51.5,49.293,0.191
2025-01-01,Line C,PART-970,Paint Defect,0.0727,48.5,51.5,49.04,0.357
2025-01-01,EV Line,PART-647,Paint Defect,0.0347,48.5,51.5,49.265,0.661
2025-01-01,Battery Line,PART-900,Dimension Variation,0.0955,48.5,51.5,48.518,0.87
2025-01-02,Line A,PART-678,Assembly Gap,0.0817,48.5,51.5,50.118,0.221
2025-01-02,Line B,PART-262,Assembly Gap,0.0102,48.5,51.5,50.159,0.521
2025-01-02,Line C,PART-843,Welding Defect,0.0865,48.5,51.5,50.967,0.182
2025-01-02,EV Line,PART-499,Welding Defect,0.0901,48.5,51.5,50.132,0.584
2025-01-02,Battery Line,PART-199,Paint Defect,0.0624,48.5,51.5,49.179,0.382
2025-01-03,Line A,PART-901,Assembly Gap,0.0323,48.5,51.5,49.414,0.589
2025-01-03,Line B,PART-814,Assembly Gap,0.0691,48.5,51.5,50.958,0.531
2025-01-03,Line C,PART-325,Welding Defect,0.0036,48.5,51.5,49.53,0.893
2025-01-03,EV Line,PART-180,Paint Defect,0.094,48.5,51.5,48.974,0.609
2025-01-03,Battery Line,PART-372,Dimension Variation,0.0621,48.5,51.5,50.097,0.39
2025-01-04,Line A,PART-303,Dimension Variation,0.0445,48.5,51.5,48.992,0.563
2025-01-04,Line B,PART-992,Assembly Gap,0.0449,48.5,51.5,49.857,0.756
2025-01-04,Line C,PART-906,Welding Defect,0.0767,48.5,51.5,48.429,0.405
2025-01-04,EV Line,PART-206,Paint Defect,0.029,48.5,51.5,50.025,0.697
2025-01-04,Battery Line,PART-121,Dimension Variation,0.0396,48.5,51.5,49.987,0.17
2025-01-05,Line A,PART-491,Welding Defect,0.0899,48.5,51.5,48.837,0.846
2025-01-05,Line B,PART-566,Sensor Failure,0.0691,48.5,51.5,50.035,0.762
2025-01-05,Line C,PART-614,Surface Scratch,0.064,48.5,51.5,50.174,0.681
2025-01-05,EV Line,PART-319,Sensor Failure,0.0519,48.5,51.5,51.458,0.4
2025-01-05,Battery Line,PART-335,Surface Scratch,0.0126,48.5,51.5,49.776,0.434
2025-01-06,Line A,PART-436,Dimension Variation,0.0812,48.5,51.5,49.686,0.672
2025-01-06,Line B,PART-776,Welding Defect,0.0891,48.5,51.5,50.432,0.282
2025-01-06,Line C,PART-510,Paint Defect,0.0059,48.5,51.5,50.502,0.793
2025-01-06,EV Line,PART-843,Surface Scratch,0.0136,48.5,51.5,49.606,0.697
2025-01-06,Battery Line,PART-219,Paint Defect,0.0765,48.5,51.5,49.049,0.86
2025-01-07,Line A,PART-902,Sensor Failure,0.0414,48.5,51.5,51.191,0.873
2025-01-07,Line B,PART-590,Paint Defect,0.054,48.5,51.5,49.871,0.83
2025-01-07,Line C,PART-292,Sensor Failure,0.0723,48.5,51.5,48.922,0.79
2025-01-07,EV Line,PART-959,Sensor Failure,0.056,48.5,51.5,50.263,0.746
2025-01-07,Battery Line,PART-725,Assembly Gap,0.0502,48.5,51.5,49.288,0.778
2025-01-08,Line A,PART-197,Welding Defect,0.0421,48.5,51.5,49.732,0.659
2025-01-08,Line B,PART-219,Assembly Gap,0.0112,48.5,51.5,52.076,0.684
2025-01-08,Line C,PART-654,Welding Defect,0.0688,48.5,51.5,50.837,0.5
2025-01-08,EV Line,PART-719,Surface Scratch,0.0848,48.5,51.5,50.754,0.782
2025-01-08,Battery Line,PART-297,Assembly Gap,0.0299,48.5,51.5,49.101,0.828
2025-01-09,Line A,PART-339,Paint Defect,0.078,48.5,51.5,51.464,0.858
2025-01-09,Line B,PART-944,Paint Defect,0.0079,48.5,51.5,50.542,0.604
2025-01-09,Line C,PART-638,Sensor Failure,0.0188,48.5,51.5,50.623,0.212
2025-01-09,EV Line,PART-363,Sensor Failure,0.0941,48.5,51.5,49.712,0.21
2025-01-09,Battery Line,PART-865,Sensor Failure,0.0701,48.5,51.5,50.603,0.751
2025-01-10,Line A,PART-550,Dimension Variation,0.0179,48.5,51.5,50.768,0.598
2025-01-10,Line B,PART-937,Sensor Failure,0.0453,48.5,51.5,49.614,0.361
2025-01-10,Line C,PART-249,Assembly Gap,0.0347,48.5,51.5,51.125,0.258
2025-01-10,EV Line,PART-733,Assembly Gap,0.0618,48.5,51.5,49.196,0.896
2025-01-10,Battery Line,PART-800,Assembly Gap,0.0564,48.5,51.5,49.888,0.233
2025-01-11,Line A,PART-965,Dimension Variation,0.0613,48.5,51.5,50.64,0.71
2025-01-11,Line B,PART-684,Dimension Variation,0.016,48.5,51.5,50.963,0.574
2025-01-11,Line C,PART-609,Welding Defect,0.0148,48.5,51.5,50.336,0.395
2025-01-11,EV Line,PART-195,Dimension Variation,0.0422,48.5,51.5,50.627,0.736
2025-01-11,Battery Line,PART-773,Paint Defect,0.0157,48.5,51.5,50.563,0.33
2025-01-12,Line A,PART-137,Paint Defect,0.0158,48.5,51.5,51.033,0.465
2025-01-12,Line B,PART-187,Welding Defect,0.0153,48.5,51.5,48.805,0.51
2025-01-12,Line C,PART-860,Dimension Variation,0.0588,48.5,51.5,49.74,0.239
2025-01-12,EV Line,PART-383,Paint Defect,0.0132,48.5,51.5,50.145,0.151
2025-01-12,Battery Line,PART-572,Welding Defect,0.0355,48.5,51.5,49.581,0.782
2025-01-13,Line A,PART-155,Assembly Gap,0.007,48.5,51.5,48.616,0.211
2025-01-13,Line B,PART-967,Assembly Gap,0.008,48.5,51.5,49.417,0.499
2025-01-13,Line C,PART-151,Surface Scratch,0.0966,48.5,51.5,50.263,0.724
2025-01-13,EV Line,PART-585,Paint Defect,0.0131,48.5,51.5,49.219,0.463
2025-01-13,Battery Line,PART-939,Sensor Failure,0.0245,48.5,51.5,50.419,0.587
2025-01-14,Line A,PART-720,Surface Scratch,0.0795,48.5,51.5,49.115,0.503
2025-01-14,Line B,PART-751,Sensor Failure,0.079,48.5,51.5,48.087,0.587
2025-01-14,Line C,PART-415,Welding Defect,0.0666,48.5,51.5,49.009,0.374
2025-01-14,EV Line,PART-594,Sensor Failure,0.0868,48.5,51.5,51.872,0.757
2025-01-14,Battery Line,PART-424,Assembly Gap,0.0479,48.5,51.5,48.887,0.839
2025-01-15,Line A,PART-351,Sensor Failure,0.0319,48.5,51.5,50.428,0.371
2025-01-15,Line B,PART-950,Paint Defect,0.0479,48.5,51.5,49.133,0.62
2025-01-15,Line C,PART-440,Sensor Failure,0.0094,48.5,51.5,50.711,0.26
2025-01-15,EV Line,PART-787,Welding Defect,0.0576,48.5,51.5,49.243,0.631
2025-01-15,Battery Line,PART-357,Surface Scratch,0.0057,48.5,51.5,48.752,0.344
2025-01-16,Line A,PART-788,Paint Defect,0.0407,48.5,51.5,50.148,0.155
2025-01-16,Line B,PART-813,Surface Scratch,0.0409,48.5,51.5,49.391,0.889
2025-01-16,Line C,PART-163,Dimension Variation,0.0419,48.5,51.5,48.979,0.852
2025-01-16,EV Line,PART-131,Paint Defect,0.0718,48.5,51.5,51.369,0.504
2025-01-16,Battery Line,PART-202,Surface Scratch,0.0102,48.5,51.5,50.667,0.427
2025-01-17,Line A,PART-467,Dimension Variation,0.0263,48.5,51.5,50.86,0.517
2025-01-17,Line B,PART-714,Dimension Variation,0.0132,48.5,51.5,50.526,0.233
2025-01-17,Line C,PART-299,Surface Scratch,0.0453,48.5,51.5,50.736,0.279
2025-01-17,EV Line,PART-802,Assembly Gap,0.0726,48.5,51.5,49.831,0.886
2025-01-17,Battery Line,PART-937,Dimension Variation,0.0511,48.5,51.5,52.305,0.484
2025-01-18,Line A,PART-894,Welding Defect,0.0648,48.5,51.5,49.567,0.229
2025-01-18,Line B,PART-577,Sensor Failure,0.0464,48.5,51.5,51.365,0.9
2025-01-18,Line C,PART-799,Sensor Failure,0.0927,48.5,51.5,50.412,0.397
2025-01-18,EV Line,PART-250,Sensor Failure,0.082,48.5,51.5,49.892,0.884
2025-01-18,Battery Line,PART-232,Surface Scratch,0.0442,48.5,51.5,50.126,0.761
2025-01-19,Line A,PART-527,Dimension Variation,0.0435,48.5,51.5,51.446,0.675
2025-01-19,Line B,PART-988,Paint Defect,0.0381,48.5,51.5,49.463,0.611
2025-01-19,Line C,PART-640,Dimension Variation,0.0985,48.5,51.5,49.806,0.797
2025-01-19,EV Line,PART-255,Surface Scratch,0.0931,48.5,51.5,49.713,0.73
2025-01-19,Battery Line,PART-370,Sensor Failure,0.036,48.5,51.5,50.585,0.649
2025-01-20,Line A,PART-431,Surface Scratch,0.0126,48.5,51.5,50.716,0.492
2025-01-20,Line B,PART-127,Surface Scratch,0.0758,48.5,51.5,50.335,0.228
2025-01-20,Line C,PART-660,Assembly Gap,0.0532,48.5,51.5,50.162,0.362
2025-01-20,EV Line,PART-479,Surface Scratch,0.0102,48.5,51.5,50.569,0.776
2025-01-20,Battery Line,PART-969,Welding Defect,0.0691,48.5,51.5,50.154,0.533
2025-01-21,Line A,PART-951,Sensor Failure,0.0589,48.5,51.5,50.215,0.852
2025-01-21,Line B,PART-783,Assembly Gap,0.077,48.5,51.5,48.474,0.599
2025-01-21,Line C,PART-654,Surface Scratch,0.0549,48.5,51.5,49.493,0.196
2025-01-21,EV Line,PART-994,Sensor Failure,0.0871,48.5,51.5,50.2,0.578
2025-01-21,Battery Line,PART-876,Paint Defect,0.0782,48.5,51.5,48.743,0.704
2025-01-22,Line A,PART-456,Welding Defect,0.015,48.5,51.5,50.304,0.547
2025-01-22,Line B,PART-998,Assembly Gap,0.0972,48.5,51.5,48.968,0.794
2025-01-22,Line C,PART-808,Assembly Gap,0.088,48.5,51.5,50.217,0.152
2025-01-22,EV Line,PART-891,Surface Scratch,0.0397,48.5,51.5,52.011,0.437
2025-01-22,Battery Line,PART-681,Welding Defect,0.082,48.5,51.5,49.925,0.375
2025-01-23,Line A,PART-618,Assembly Gap,0.0114,48.5,51.5,48.585,0.892
2025-01-23,Line B,PART-420,Sensor Failure,0.0043,48.5,51.5,49.39,0.44
2025-01-23,Line C,PART-190,Surface Scratch,0.0497,48.5,51.5,50.017,0.418
2025-01-23,EV Line,PART-742,Welding Defect,0.014,48.5,51.5,50.008,0.232
2025-01-23,Battery Line,PART-821,Dimension Variation,0.0734,48.5,51.5,49.987,0.801
2025-01-24,Line A,PART-339,Paint Defect,0.0809,48.5,51.5,49.36,0.687
2025-01-24,Line B,PART-268,Dimension Variation,0.0829,48.5,51.5,50.321,0.204
2025-01-24,Line C,PART-289,Assembly Gap,0.0687,48.5,51.5,52.234,0.542
2025-01-24,EV Line,PART-695,Assembly Gap,0.0768,48.5,51.5,51.715,0.662
2025-01-24,Battery Line,PART-231,Surface Scratch,0.0207,48.5,51.5,51.198,0.72
2025-01-25,Line A,PART-387,Paint Defect,0.0998,48.5,51.5,50.792,0.713
2025-01-25,Line B,PART-444,Sensor Failure,0.0547,48.5,51.5,49.301,0.866
2025-01-25,Line C,PART-334,Dimension Variation,0.065,48.5,51.5,51.03,0.569
2025-01-25,EV Line,PART-795,Surface Scratch,0.0437,48.5,51.5,51.614,0.442
2025-01-25,Battery Line,PART-993,Assembly Gap,0.0041,48.5,51.5,50.966,0.869
2025-01-26,Line A,PART-824,Dimension Variation,0.0942,48.5,51.5,48.886,0.672
2025-01-26,Line B,PART-307,Paint Defect,0.0637,48.5,51.5,50.086,0.229
2025-01-26,Line C,PART-321,Surface Scratch,0.0955,48.5,51.5,49.727,0.73
2025-01-26,EV Line,PART-240,Paint Defect,0.0454,48.5,51.5,49.254,0.657
2025-01-26,Battery Line,PART-585,Dimension Variation,0.0408,48.5,51.5,50.029,0.841
2025-01-27,Line A,PART-760,Sensor Failure,0.0613,48.5,51.5,50.287,0.284
2025-01-27,Line B,PART-835,Welding Defect,0.0622,48.5,51.5,51.166,0.336
2025-01-27,Line C,PART-590,Assembly Gap,0.0777,48.5,51.5,51.887,0.803
2025-01-27,EV Line,PART-614,Assembly Gap,0.0804,48.5,51.5,49.669,0.865
2025-01-27,Battery Line,PART-974,Dimension Variation,0.0565,48.5,51.5,48.954,0.617
2025-01-28,Line A,PART-653,Assembly Gap,0.0736,48.5,51.5,50.764,0.654
2025-01-28,Line B,PART-818,Welding Defect,0.0243,48.5,51.5,50.333,0.637
2025-01-28,Line C,PART-910,Sensor Failure,0.0945,48.5,51.5,52.106,0.761
2025-01-28,EV Line,PART-232,Surface Scratch,0.0456,48.5,51.5,51.84,0.333
2025-01-28,Battery Line,PART-825,Welding Defect,0.0851,48.5,51.5,48.464,0.798
2025-01-29,Line A,PART-690,Assembly Gap,0.0247,48.5,51.5,51.182,0.344
2025-01-29,Line B,PART-198,Dimension Variation,0.0478,48.5,51.5,48.813,0.723
2025-01-29,Line C,PART-725,Assembly Gap,0.0644,48.5,51.5,51.588,0.151
2025-01-29,EV Line,PART-475,Surface Scratch,0.0314,48.5,51.5,50.803,0.655
2025-01-29,Battery Line,PART-773,Sensor Failure,0.0294,48.5,51.5,49.212,0.253
2025-01-30,Line A,PART-672,Dimension Variation,0.0972,48.5,51.5,49.26,0.719
2025-01-30,Line B,PART-294,Assembly Gap,0.0757,48.5,51.5,49.926,0.527
2025-01-30,Line C,PART-648,Dimension Variation,0.0076,48.5,51.5,49.886,0.44
2025-01-30,EV Line,PART-951,Welding Defect,0.0336,48.5,51.5,50.264,0.846
2025-01-30,Battery Line,PART-903,Sensor Failure,0.0834,48.5,51.5,50.769,0.77
2025-01-31,Line A,PART-885,Dimension Variation,0.0718,48.5,51.5,50.11,0.675
2025-01-31,Line B,PART-800,Dimension Variation,0.0522,48.5,51.5,50.892,0.187
2025-01-31,Line C,PART-194,Dimension Variation,0.0484,48.5,51.5,49.293,0.867
2025-01-31,EV Line,PART-646,Surface Scratch,0.0987,48.5,51.5,51.085,0.17
2025-01-31,Battery Line,PART-588,Welding Defect,0.0243,48.5,51.5,50.498,0.805
2025-02-01,Line A,PART-940,Welding Defect,0.0792,48.5,51.5,50.079,0.349
2025-02-01,Line B,PART-105,Dimension Variation,0.0599,48.5,51.5,49.857,0.842
2025-02-01,Line C,PART-627,Assembly Gap,0.0912,48.5,51.5,51.15,0.437
2025-02-01,EV Line,PART-550,Welding Defect,0.0818,48.5,51.5,49.864,0.283
2025-02-01,Battery Line,PART-657,Surface Scratch,0.0119,48.5,51.5,51.172,0.256
2025-02-02,Line A,PART-962,Dimension Variation,0.0718,48.5,51.5,49.525,0.248
2025-02-02,Line B,PART-419,Assembly Gap,0.0191,48.5,51.5,50.348,0.476
2025-02-02,Line C,PART-287,Assembly Gap,0.0042,48.5,51.5,49.205,0.624
2025-02-02,EV Line,PART-206,Assembly Gap,0.026,48.5,51.5,48.878,0.563
2025-02-02,Battery Line,PART-500,Sensor Failure,0.0346,48.5,51.5,50.3,0.342
2025-02-03,Line A,PART-333,Paint Defect,0.041,48.5,51.5,49.757,0.228
2025-02-03,Line B,PART-192,Dimension Variation,0.0953,48.5,51.5,49.936,0.43
2025-02-03,Line C,PART-518,Welding Defect,0.0282,48.5,51.5,49.769,0.631
2025-02-03,EV Line,PART-596,Sensor Failure,0.0182,48.5,51.5,49.29,0.823
2025-02-03,Battery Line,PART-852,Assembly Gap,0.005,48.5,51.5,50.963,0.478
2025-02-04,Line A,PART-273,Assembly Gap,0.0906,48.5,51.5,49.39,0.66
2025-02-04,Line B,PART-435,Paint Defect,0.0943,48.5,51.5,49.224,0.616
2025-02-04,Line C,PART-455,Sensor Failure,0.0582,48.5,51.5,50.254,0.681
2025-02-04,EV Line,PART-168,Sensor Failure,0.0973,48.5,51.5,50.56,0.482
2025-02-04,Battery Line,PART-932,Surface Scratch,0.0958,48.5,51.5,48.67,0.659
2025-02-05,Line A,PART-633,Assembly Gap,0.0337,48.5,51.5,49.457,0.775
2025-02-05,Line B,PART-918,Dimension Variation,0.0743,48.5,51.5,51.446,0.274
2025-02-05,Line C,PART-863,Welding Defect,0.0931,48.5,51.5,49.309,0.39
2025-02-05,EV Line,PART-489,Assembly Gap,0.0984,48.5,51.5,49.901,0.599
2025-02-05,Battery Line,PART-470,Assembly Gap,0.0878,48.5,51.5,50.089,0.624
2025-02-06,Line A,PART-330,Surface Scratch,0.058,48.5,51.5,50.592,0.267
2025-02-06,Line B,PART-331,Surface Scratch,0.0394,48.5,51.5,51.256,0.161
2025-02-06,Line C,PART-825,Surface Scratch,0.0786,48.5,51.5,50.601,0.858
2025-02-06,EV Line,PART-367,Assembly Gap,0.072,48.5,51.5,49.902,0.197
2025-02-06,Battery Line,PART-564,Welding Defect,0.057,48.5,51.5,51.182,0.688
2025-02-07,Line A,PART-536,Paint Defect,0.0444,48.5,51.5,50.233,0.824
2025-02-07,Line B,PART-233,Sensor Failure,0.076,48.5,51.5,49.352,0.196
2025-02-07,Line C,PART-320,Assembly Gap,0.0549,48.5,51.5,48.634,0.867
2025-02-07,EV Line,PART-857,Welding Defect,0.0592,48.5,51.5,49.842,0.208
2025-02-07,Battery Line,PART-943,Assembly Gap,0.0882,48.5,51.5,51.148,0.862
2025-02-08,Line A,PART-171,Paint Defect,0.0332,48.5,51.5,49.12,0.395
2025-02-08,Line B,PART-216,Assembly Gap,0.0714,48.5,51.5,48.894,0.793
2025-02-08,Line C,PART-326,Assembly Gap,0.0257,48.5,51.5,50.951,0.304
2025-02-08,EV Line,PART-214,Paint Defect,0.092,48.5,51.5,48.685,0.782
2025-02-08,Battery Line,PART-963,Surface Scratch,0.0794,48.5,51.5,49.182,0.206
2025-02-09,Line A,PART-371,Sensor Failure,0.0564,48.5,51.5,49.751,0.716
2025-02-09,Line B,PART-287,Sensor Failure,0.0504,48.5,51.5,48.909,0.252
2025-02-09,Line C,PART-320,Welding Defect,0.0459,48.5,51.5,49.822,0.735
2025-02-09,EV Line,PART-657,Assembly Gap,0.0399,48.5,51.5,50.346,0.847
2025-02-09,Battery Line,PART-177,Welding Defect,0.0619,48.5,51.5,49.467,0.804
2025-02-10,Line A,PART-806,Welding Defect,0.0993,48.5,51.5,49.81,0.544
2025-02-10,Line B,PART-375,Paint Defect,0.077,48.5,51.5,50.092,0.412
2025-02-10,Line C,PART-260,Welding Defect,0.0155,48.5,51.5,50.351,0.482
2025-02-10,EV Line,PART-738,Sensor Failure,0.0769,48.5,51.5,49.261,0.757
2025-02-10,Battery Line,PART-398,Paint Defect,0.0171,48.5,51.5,50.14,0.265
2025-02-11,Line A,PART-688,Assembly Gap,0.028,48.5,51.5,49.174,0.852
2025-02-11,Line B,PART-773,Surface Scratch,0.0215,48.5,51.5,49.252,0.424
2025-02-11,Line C,PART-746,Assembly Gap,0.0326,48.5,51.5,51.108,0.392
2025-02-11,EV Line,PART-764,Dimension Variation,0.0145,48.5,51.5,50.263,0.245
2025-02-11,Battery Line,PART-919,Dimension Variation,0.0508,48.5,51.5,50.026,0.639
2025-02-12,Line A,PART-531,Welding Defect,0.0402,48.5,51.5,49.15,0.571
2025-02-12,Line B,PART-906,Dimension Variation,0.0207,48.5,51.5,50.299,0.274
2025-02-12,Line C,PART-766,Paint Defect,0.0099,48.5,51.5,50.032,0.794
2025-02-12,EV Line,PART-417,Welding Defect,0.0843,48.5,51.5,50.363,0.323
2025-02-12,Battery Line,PART-367,Sensor Failure,0.013,48.5,51.5,50.53,0.423
2025-02-13,Line A,PART-357,Sensor Failure,0.0092,48.5,51.5,50.577,0.631
2025-02-13,Line B,PART-441,Paint Defect,0.0092,48.5,51.5,51.591,0.58
2025-02-13,Line C,PART-881,Assembly Gap,0.0634,48.5,51.5,50.485,0.815
2025-02-13,EV Line,PART-484,Sensor Failure,0.0335,48.5,51.5,51.013,0.513
2025-02-13,Battery Line,PART-455,Dimension Variation,0.0969,48.5,51.5,51.076,0.728
2025-02-14,Line A,PART-666,Paint Defect,0.0083,48.5,51.5,50.187,0.274
2025-02-14,Line B,PART-785,Surface Scratch,0.0563,48.5,51.5,50.543,0.434
2025-02-14,Line C,PART-457,Assembly Gap,0.0919,48.5,51.5,51.798,0.794
2025-02-14,EV Line,PART-898,Surface Scratch,0.0887,48.5,51.5,49.497,0.841
2025-02-14,Battery Line,PART-589,Sensor Failure,0.0752,48.5,51.5,49.501,0.841
2025-02-15,Line A,PART-998,Assembly Gap,0.027,48.5,51.5,48.751,0.212
2025-02-15,Line B,PART-328,Paint Defect,0.0144,48.5,51.5,50.765,0.802
2025-02-15,Line C,PART-586,Welding Defect,0.0982,48.5,51.5,51.052,0.544
2025-02-15,EV Line,PART-286,Dimension Variation,0.0808,48.5,51.5,48.994,0.23
2025-02-15,Battery Line,PART-287,Surface Scratch,0.0738,48.5,51.5,48.442,0.593
2025-02-16,Line A,PART-573,Dimension Variation,0.033,48.5,51.5,49.305,0.161
2025-02-16,Line B,PART-928,Dimension Variation,0.0863,48.5,51.5,49.128,0.745
2025-02-16,Line C,PART-825,Surface Scratch,0.0346,48.5,51.5,48.4,0.401
2025-02-16,EV Line,PART-930,Dimension Variation,0.0705,48.5,51.5,49.564,0.591
2025-02-16,Battery Line,PART-775,Sensor Failure,0.0071,48.5,51.5,50.921,0.527
2025-02-17,Line A,PART-545,Welding Defect,0.087,48.5,51.5,49.956,0.386
2025-02-17,Line B,PART-893,Paint Defect,0.0556,48.5,51.5,49.72,0.59
2025-02-17,Line C,PART-285,Sensor Failure,0.0523,48.5,51.5,51.062,0.795
2025-02-17,EV Line,PART-671,Dimension Variation,0.0596,48.5,51.5,49.71,0.238
2025-02-17,Battery Line,PART-669,Surface Scratch,0.0927,48.5,51.5,50.603,0.404
2025-02-18,Line A,PART-271,Surface Scratch,0.0497,48.5,51.5,50.706,0.193
2025-02-18,Line B,PART-250,Sensor Failure,0.0576,48.5,51.5,49.626,0.715
2025-02-18,Line C,PART-125,Surface Scratch,0.0064,48.5,51.5,49.557,0.522
2025-02-18,EV Line,PART-737,Dimension Variation,0.0503,48.5,51.5,49.238,0.716
2025-02-18,Battery Line,PART-833,Paint Defect,0.0796,48.5,51.5,49.829,0.519
2025-02-19,Line A,PART-738,Surface Scratch,0.061,48.5,51.5,48.832,0.548
2025-02-19,Line B,PART-909,Assembly Gap,0.0143,48.5,51.5,49.642,0.409
2025-02-19,Line C,PART-258,Surface Scratch,0.0696,48.5,51.5,51.238,0.389
2025-02-19,EV Line,PART-967,Dimension Variation,0.0377,48.5,51.5,49.952,0.782
2025-02-19,Battery Line,PART-216,Welding Defect,0.0532,48.5,51.5,50.417,0.522
2025-02-20,Line A,PART-620,Surface Scratch,0.0342,48.5,51.5,49.975,0.187
2025-02-20,Line B,PART-961,Surface Scratch,0.0949,48.5,51.5,50.084,0.842
2025-02-20,Line C,PART-553,Assembly Gap,0.099,48.5,51.5,48.923,0.297
2025-02-20,EV Line,PART-849,Dimension Variation,0.0574,48.5,51.5,49.339,0.598
2025-02-20,Battery Line,PART-827,Surface Scratch,0.0055,48.5,51.5,52.039,0.281
2025-02-21,Line A,PART-785,Sensor Failure,0.0945,48.5,51.5,50.311,0.238
2025-02-21,Line B,PART-153,Welding Defect,0.0393,48.5,51.5,50.33,0.357
2025-02-21,Line C,PART-481,Welding Defect,0.099,48.5,51.5,50.5,0.283
2025-02-21,EV Line,PART-944,Dimension Variation,0.0267,48.5,51.5,50.884,0.643
2025-02-21,Battery Line,PART-990,Dimension Variation,0.0628,48.5,51.5,51.496,0.406
2025-02-22,Line A,PART-145,Surface Scratch,0.0888,48.5,51.5,50.097,0.198
2025-02-22,Line B,PART-596,Dimension Variation,0.0035,48.5,51.5,51.03,0.391
2025-02-22,Line C,PART-104,Surface Scratch,0.0441,48.5,51.5,50.299,0.285
2025-02-22,EV Line,PART-964,Sensor Failure,0.0363,48.5,51.5,51.057,0.593
2025-02-22,Battery Line,PART-331,Dimension Variation,0.0569,48.5,51.5,49.098,0.483
2025-02-23,Line A,PART-498,Dimension Variation,0.0334,48.5,51.5,50.712,0.809
2025-02-23,Line B,PART-682,Dimension Variation,0.0162,48.5,51.5,48.974,0.559
2025-02-23,Line C,PART-450,Surface Scratch,0.0442,48.5,51.5,49.477,0.846
2025-02-23,EV Line,PART-282,Paint Defect,0.0369,48.5,51.5,49.06,0.717
2025-02-23,Battery Line,PART-895,Sensor Failure,0.0603,48.5,51.5,50.069,0.35
2025-02-24,Line A,PART-879,Dimension Variation,0.0045,48.5,51.5,48.82,0.547
2025-02-24,Line B,PART-248,Sensor Failure,0.0061,48.5,51.5,48.926,0.675
2025-02-24,Line C,PART-184,Surface Scratch,0.0143,48.5,51.5,49.395,0.241
2025-02-24,EV Line,PART-737,Paint Defect,0.0127,48.5,51.5,51.799,0.849
2025-02-24,Battery Line,PART-237,Paint Defect,0.0642,48.5,51.5,49.244,0.247
2025-02-25,Line A,PART-348,Welding Defect,0.0203,48.5,51.5,50.919,0.182
2025-02-25,Line B,PART-655,Paint Defect,0.0972,48.5,51.5,48.902,0.182
2025-02-25,Line C,PART-296,Sensor Failure,0.0769,48.5,51.5,49.824,0.732
2025-02-25,EV Line,PART-547,Dimension Variation,0.0342,48.5,51.5,49.086,0.548
2025-02-25,Battery Line,PART-144,Welding Defect,0.0216,48.5,51.5,50.565,0.703
2025-02-26,Line A,PART-877,Sensor Failure,0.046,48.5,51.5,50.764,0.605
2025-02-26,Line B,PART-104,Welding Defect,0.0202,48.5,51.5,50.457,0.49
2025-02-26,Line C,PART-471,Assembly Gap,0.0432,48.5,51.5,49.937,0.725
2025-02-26,EV Line,PART-558,Assembly Gap,0.0442,48.5,51.5,49.594,0.661
2025-02-26,Battery Line,PART-762,Assembly Gap,0.0521,48.5,51.5,49.223,0.797
2025-02-27,Line A,PART-838,Sensor Failure,0.0933,48.5,51.5,49.41,0.543
2025-02-27,Line B,PART-542,Assembly Gap,0.0835,48.5,51.5,49.761,0.803
2025-02-27,Line C,PART-806,Dimension Variation,0.0637,48.5,51.5,49.406,0.728
2025-02-27,EV Line,PART-928,Dimension Variation,0.0459,48.5,51.5,50.336,0.227
2025-02-27,Battery Line,PART-654,Assembly Gap,0.0512,48.5,51.5,51.085,0.846
2025-02-28,Line A,PART-664,Paint Defect,0.0462,48.5,51.5,49.778,0.726
2025-02-28,Line B,PART-746,Sensor Failure,0.0518,48.5,51.5,49.818,0.736
2025-02-28,Line C,PART-950,Surface Scratch,0.0109,48.5,51.5,51.439,0.832
2025-02-28,EV Line,PART-712,Dimension Variation,0.0916,48.5,51.5,50.649,0.636
2025-02-28,Battery Line,PART-371,Assembly Gap,0.0568,48.5,51.5,47.88,0.439
2025-03-01,Line A,PART-763,Dimension Variation,0.0418,48.5,51.5,50.327,0.875
2025-03-01,Line B,PART-585,Dimension Variation,0.0328,48.5,51.5,51.065,0.57
2025-03-01,Line C,PART-128,Assembly Gap,0.0062,48.5,51.5,49.658,0.723
2025-03-01,EV Line,PART-516,Paint Defect,0.095,48.5,51.5,48.25,0.8
2025-03-01,Battery Line,PART-739,Assembly Gap,0.0136,48.5,51.5,49.806,0.814
2025-03-02,Line A,PART-415,Welding Defect,0.0795,48.5,51.5,49.582,0.531
2025-03-02,Line B,PART-582,Dimension Variation,0.0688,48.5,51.5,49.674,0.45
2025-03-02,Line C,PART-941,Surface Scratch,0.0034,48.5,51.5,51.223,0.636
2025-03-02,EV Line,PART-391,Welding Defect,0.0134,48.5,51.5,49.421,0.759
2025-03-02,Battery Line,PART-308,Dimension Variation,0.0456,48.5,51.5,52.136,0.715
2025-03-03,Line A,PART-144,Paint Defect,0.0649,48.5,51.5,51.136,0.434
2025-03-03,Line B,PART-717,Assembly Gap,0.014,48.5,51.5,50.558,0.739
2025-03-03,Line C,PART-970,Surface Scratch,0.0347,48.5,51.5,49.834,0.65
2025-03-03,EV Line,PART-455,Paint Defect,0.0786,48.5,51.5,49.783,0.71
2025-03-03,Battery Line,PART-468,Surface Scratch,0.0146,48.5,51.5,51.029,0.876
2025-03-04,Line A,PART-899,Sensor Failure,0.0297,48.5,51.5,50.881,0.86
2025-03-04,Line B,PART-474,Assembly Gap,0.0477,48.5,51.5,50.225,0.257
2025-03-04,Line C,PART-144,Sensor Failure,0.004,48.5,51.5,50.959,0.482
2025-03-04,EV Line,PART-794,Sensor Failure,0.0408,48.5,51.5,50.41,0.418
2025-03-04,Battery Line,PART-148,Paint Defect,0.0664,48.5,51.5,50.141,0.373
2025-03-05,Line A,PART-367,Welding Defect,0.0304,48.5,51.5,48.308,0.475
2025-03-05,Line B,PART-595,Sensor Failure,0.0462,48.5,51.5,51.262,0.436
2025-03-05,Line C,PART-801,Paint Defect,0.0149,48.5,51.5,50.052,0.875
2025-03-05,EV Line,PART-495,Surface Scratch,0.0921,48.5,51.5,51.415,0.711
2025-03-05,Battery Line,PART-448,Sensor Failure,0.0899,48.5,51.5,50.44,0.867
2025-03-06,Line A,PART-493,Assembly Gap,0.0167,48.5,51.5,49.397,0.883
2025-03-06,Line B,PART-111,Welding Defect,0.0253,48.5,51.5,50.612,0.695
2025-03-06,Line C,PART-367,Welding Defect,0.0122,48.5,51.5,48.937,0.486
2025-03-06,EV Line,PART-656,Welding Defect,0.024,48.5,51.5,50.704,0.372
2025-03-06,Battery Line,PART-534,Dimension Variation,0.0438,48.5,51.5,50.36,0.429
2025-03-07,Line A,PART-395,Sensor Failure,0.0035,48.5,51.5,51.671,0.409
2025-03-07,Line B,PART-162,Dimension Variation,0.0806,48.5,51.5,50.872,0.642
2025-03-07,Line C,PART-333,Welding Defect,0.0817,48.5,51.5,49.802,0.752
2025-03-07,EV Line,PART-634,Surface Scratch,0.0377,48.5,51.5,50.536,0.756
2025-03-07,Battery Line,PART-866,Surface Scratch,0.0158,48.5,51.5,48.832,0.286
2025-03-08,Line A,PART-902,Welding Defect,0.0446,48.5,51.5,48.58,0.568
2025-03-08,Line B,PART-262,Surface Scratch,0.0214,48.5,51.5,48.904,0.318
2025-03-08,Line C,PART-858,Paint Defect,0.0781,48.5,51.5,50.01,0.698
2025-03-08,EV Line,PART-538,Sensor Failure,0.0712,48.5,51.5,49.202,0.398
2025-03-08,Battery Line,PART-561,Assembly Gap,0.0989,48.5,51.5,50.121,0.564
2025-03-09,Line A,PART-161,Dimension Variation,0.0187,48.5,51.5,50.025,0.394
2025-03-09,Line B,PART-734,Welding Defect,0.0312,48.5,51.5,50.054,0.294
2025-03-09,Line C,PART-990,Welding Defect,0.0982,48.5,51.5,49.496,0.391
2025-03-09,EV Line,PART-498,Surface Scratch,0.0516,48.5,51.5,51.045,0.547
2025-03-09,Battery Line,PART-115,Assembly Gap,0.0695,48.5,51.5,48.914,0.467
2025-03-10,Line A,PART-471,Sensor Failure,0.0251,48.5,51.5,49.675,0.35
2025-03-10,Line B,PART-818,Welding Defect,0.0653,48.5,51.5,49.839,0.61
2025-03-10,Line C,PART-971,Paint Defect,0.0952,48.5,51.5,51.149,0.21
2025-03-10,EV Line,PART-951,Surface Scratch,0.0625,48.5,51.5,50.092,0.584
2025-03-10,Battery Line,PART-900,Assembly Gap,0.0693,48.5,51.5,50.598,0.335
2025-03-11,Line A,PART-951,Dimension Variation,0.0379,48.5,51.5,49.852,0.581
2025-03-11,Line B,PART-480,Surface Scratch,0.0622,48.5,51.5,48.153,0.453
2025-03-11,Line C,PART-511,Dimension Variation,0.0977,48.5,51.5,48.686,0.433
2025-03-11,EV Line,PART-731,Dimension Variation,0.034,48.5,51.5,48.205,0.509
2025-03-11,Battery Line,PART-301,Surface Scratch,0.0526,48.5,51.5,51.638,0.619
2025-03-12,Line A,PART-397,Surface Scratch,0.0821,48.5,51.5,52.05,0.5
2025-03-12,Line B,PART-622,Paint Defect,0.0917,48.5,51.5,48.589,0.479
2025-03-12,Line C,PART-491,Assembly Gap,0.0318,48.5,51.5,48.6,0.561
2025-03-12,EV Line,PART-782,Surface Scratch,0.0564,48.5,51.5,48.354,0.444
2025-03-12,Battery Line,PART-155,Paint Defect,0.0683,48.5,51.5,49.05,0.225
2025-03-13,Line A,PART-544,Welding Defect,0.0034,48.5,51.5,51.35,0.674
2025-03-13,Line B,PART-961,Paint Defect,0.0906,48.5,51.5,49.806,0.236
2025-03-13,Line C,PART-226,Paint Defect,0.0961,48.5,51.5,51.035,0.446
2025-03-13,EV Line,PART-503,Dimension Variation,0.0204,48.5,51.5,48.757,0.402
2025-03-13,Battery Line,PART-789,Surface Scratch,0.0829,48.5,51.5,51.399,0.549
2025-03-14,Line A,PART-179,Assembly Gap,0.0371,48.5,51.5,48.797,0.161
2025-03-14,Line B,PART-655,Dimension Variation,0.009,48.5,51.5,49.369,0.433
2025-03-14,Line C,PART-772,Sensor Failure,0.0865,48.5,51.5,48.675,0.827
2025-03-14,EV Line,PART-403,Sensor Failure,0.061,48.5,51.5,49.536,0.306
2025-03-14,Battery Line,PART-395,Dimension Variation,0.0587,48.5,51.5,50.01,0.614
2025-03-15,Line A,PART-138,Welding Defect,0.0672,48.5,51.5,48.64,0.189
2025-03-15,Line B,PART-447,Surface Scratch,0.0137,48.5,51.5,48.573,0.253
2025-03-15,Line C,PART-804,Paint Defect,0.079,48.5,51.5,50.281,0.416
2025-03-15,EV Line,PART-949,Dimension Variation,0.0254,48.5,51.5,49.323,0.152
2025-03-15,Battery Line,PART-625,Welding Defect,0.0757,48.5,51.5,50.948,0.258
2025-03-16,Line A,PART-952,Assembly Gap,0.0895,48.5,51.5,49.892,0.386
2025-03-16,Line B,PART-378,Paint Defect,0.0988,48.5,51.5,49.648,0.545
2025-03-16,Line C,PART-723,Welding Defect,0.0806,48.5,51.5,50.902,0.814
2025-03-16,EV Line,PART-289,Paint Defect,0.0859,48.5,51.5,51.948,0.825
2025-03-16,Battery Line,PART-908,Assembly Gap,0.0457,48.5,51.5,50.701,0.763
2025-03-17,Line A,PART-489,Welding Defect,0.0441,48.5,51.5,50.178,0.783
2025-03-17,Line B,PART-847,Surface Scratch,0.0922,48.5,51.5,50.754,0.385
2025-03-17,Line C,PART-204,Assembly Gap,0.0712,48.5,51.5,50.943,0.184
2025-03-17,EV Line,PART-179,Sensor Failure,0.0663,48.5,51.5,49.581,0.874
2025-03-17,Battery Line,PART-503,Welding Defect,0.0766,48.5,51.5,51.662,0.792
2025-03-18,Line A,PART-721,Sensor Failure,0.0155,48.5,51.5,49.484,0.198
2025-03-18,Line B,PART-931,Surface Scratch,0.0893,48.5,51.5,50.504,0.202
2025-03-18,Line C,PART-304,Welding Defect,0.0619,48.5,51.5,49.759,0.152
2025-03-18,EV Line,PART-641,Assembly Gap,0.0356,48.5,51.5,49.697,0.577
2025-03-18,Battery Line,PART-790,Sensor Failure,0.0167,48.5,51.5,50.648,0.512
2025-03-19,Line A,PART-292,Paint Defect,0.0096,48.5,51.5,51.206,0.554
2025-03-19,Line B,PART-397,Dimension Variation,0.0783,48.5,51.5,49.964,0.792
2025-03-19,Line C,PART-311,Paint Defect,0.0264,48.5,51.5,49.356,0.798
2025-03-19,EV Line,PART-732,Sensor Failure,0.0862,48.5,51.5,50.429,0.534
2025-03-19,Battery Line,PART-177,Assembly Gap,0.0142,48.5,51.5,50.004,0.27
2025-03-20,Line A,PART-806,Surface Scratch,0.022,48.5,51.5,50.67,0.709
2025-03-20,Line B,PART-954,Assembly Gap,0.0907,48.5,51.5,49.695,0.178
2025-03-20,Line C,PART-244,Dimension Variation,0.0316,48.5,51.5,50.794,0.877
2025-03-20,EV Line,PART-716,Welding Defect,0.0916,48.5,51.5,48.945,0.686
2025-03-20,Battery Line,PART-228,Dimension Variation,0.0698,48.5,51.5,49.254,0.45
2025-03-21,Line A,PART-381,Dimension Variation,0.0952,48.5,51.5,48.737,0.443
2025-03-21,Line B,PART-504,Welding Defect,0.0365,48.5,51.5,50.044,0.51
2025-03-21,Line C,PART-966,Sensor Failure,0.0178,48.5,51.5,49.856,0.461
2025-03-21,EV Line,PART-229,Sensor Failure,0.0965,48.5,51.5,48.973,0.577
2025-03-21,Battery Line,PART-332,Welding Defect,0.0329,48.5,51.5,51.982,0.214
2025-03-22,Line A,PART-820,Dimension Variation,0.0956,48.5,51.5,49.617,0.725
2025-03-22,Line B,PART-993,Surface Scratch,0.0579,48.5,51.5,51.062,0.58
2025-03-22,Line C,PART-897,Paint Defect,0.0157,48.5,51.5,51.695,0.362
2025-03-22,EV Line,PART-699,Sensor Failure,0.0878,48.5,51.5,49.902,0.672
2025-03-22,Battery Line,PART-600,Paint Defect,0.0635,48.5,51.5,50.198,0.556
2025-03-23,Line A,PART-455,Welding Defect,0.028,48.5,51.5,50.947,0.32
2025-03-23,Line B,PART-828,Paint Defect,0.0778,48.5,51.5,50.182,0.158
2025-03-23,Line C,PART-603,Surface Scratch,0.0972,48.5,51.5,49.8,0.898
2025-03-23,EV Line,PART-667,Sensor Failure,0.0495,48.5,51.5,48.767,0.788
2025-03-23,Battery Line,PART-286,Surface Scratch,0.0283,48.5,51.5,48.79,0.535
2025-03-24,Line A,PART-339,Assembly Gap,0.0317,48.5,51.5,51.629,0.187
2025-03-24,Line B,PART-145,Sensor Failure,0.0867,48.5,51.5,51.839,0.224
2025-03-24,Line C,PART-597,Welding Defect,0.099,48.5,51.5,49.826,0.485
2025-03-24,EV Line,PART-126,Paint Defect,0.0269,48.5,51.5,49.992,0.776
2025-03-24,Battery Line,PART-825,Paint Defect,0.0311,48.5,51.5,51.662,0.716
2025-03-25,Line A,PART-626,Surface Scratch,0.0601,48.5,51.5,49.562,0.715
2025-03-25,Line B,PART-973,Paint Defect,0.0983,48.5,51.5,49.901,0.709
2025-03-25,Line C,PART-737,Dimension Variation,0.0728,48.5,51.5,49.008,0.361
2025-03-25,EV Line,PART-180,Paint Defect,0.0917,48.5,51.5,49.778,0.349
2025-03-25,Battery Line,PART-798,Sensor Failure,0.0432,48.5,51.5,50.703,0.635
2025-03-26,Line A,PART-971,Sensor Failure,0.083,48.5,51.5,49.697,0.425
2025-03-26,Line B,PART-806,Surface Scratch,0.0416,48.5,51.5,49.231,0.163
2025-03-26,Line C,PART-400,Paint Defect,0.0828,48.5,51.5,49.223,0.329
2025-03-26,EV Line,PART-327,Paint Defect,0.0728,48.5,51.5,49.623,0.726
2025-03-26,Battery Line,PART-231,Paint Defect,0.0859,48.5,51.5,49.08,0.648
2025-03-27,Line A,PART-767,Welding Defect,0.0108,48.5,51.5,50.191,0.857
2025-03-27,Line B,PART-413,Welding Defect,0.0207,48.5,51.5,49.656,0.439
2025-03-27,Line C,PART-103,Sensor Failure,0.031,48.5,51.5,51.17,0.587
2025-03-27,EV Line,PART-397,Welding Defect,0.0606,48.5,51.5,49.753,0.811
2025-03-27,Battery Line,PART-239,Dimension Variation,0.0535,48.5,51.5,48.99,0.648
2025-03-28,Line A,PART-896,Assembly Gap,0.0503,48.5,51.5,50.69,0.297
2025-03-28,Line B,PART-800,Assembly Gap,0.0985,48.5,51.5,49.461,0.648
2025-03-28,Line C,PART-748,Sensor Failure,0.0073,48.5,51.5,50.58,0.757
2025-03-28,EV Line,PART-190,Welding Defect,0.0296,48.5,51.5,50.871,0.877
2025-03-28,Battery Line,PART-219,Sensor Failure,0.009,48.5,51.5,49.885,0.862
2025-03-29,Line A,PART-372,Dimension Variation,0.055,48.5,51.5,49.854,0.791
2025-03-29,Line B,PART-236,Assembly Gap,0.0987,48.5,51.5,50.328,0.285
2025-03-29,Line C,PART-767,Assembly Gap,0.0851,48.5,51.5,50.292,0.824
2025-03-29,EV Line,PART-964,Paint Defect,0.0847,48.5,51.5,49.825,0.256
2025-03-29,Battery Line,PART-611,Dimension Variation,0.0347,48.5,51.5,50.703,0.726
2025-03-30,Line A,PART-748,Dimension Variation,0.0893,48.5,51.5,50.508,0.819
2025-03-30,Line B,PART-684,Surface Scratch,0.0239,48.5,51.5,50.74,0.436
2025-03-30,Line C,PART-280,Surface Scratch,0.0151,48.5,51.5,48.794,0.52
2025-03-30,EV Line,PART-467,Sensor Failure,0.0077,48.5,51.5,50.137,0.284
2025-03-30,Battery Line,PART-936,Surface Scratch,0.0086,48.5,51.5,49.788,0.879
2025-03-31,Line A,PART-841,Dimension Variation,0.0194,48.5,51.5,49.603,0.261
2025-03-31,Line B,PART-808,Welding Defect,0.0532,48.5,51.5,49.852,0.197
2025-03-31,Line C,PART-775,Sensor Failure,0.0734,48.5,51.5,50.37,0.564
2025-03-31,EV Line,PART-117,Sensor Failure,0.0375,48.5,51.5,51.231,0.483
2025-03-31,Battery Line,PART-260,Paint Defect,0.0542,48.5,51.5,49.186,0.368
2025-04-01,Line A,PART-896,Sensor Failure,0.0287,48.5,51.5,49.712,0.889
2025-04-01,Line B,PART-903,Surface Scratch,0.0695,48.5,51.5,51.066,0.75
2025-04-01,Line C,PART-507,Dimension Variation,0.0852,48.5,51.5,49.42,0.608
2025-04-01,EV Line,PART-412,Welding Defect,0.0695,48.5,51.5,49.333,0.65
2025-04-01,Battery Line,PART-936,Dimension Variation,0.0269,48.5,51.5,49.846,0.206
2025-04-02,Line A,PART-457,Assembly Gap,0.0119,48.5,51.5,48.447,0.185
2025-04-02,Line B,PART-578,Welding Defect,0.0989,48.5,51.5,49.899,0.33
2025-04-02,Line C,PART-283,Welding Defect,0.0331,48.5,51.5,49.799,0.674
2025-04-02,EV Line,PART-827,Sensor Failure,0.0396,48.5,51.5,50.558,0.553
2025-04-02,Battery Line,PART-927,Assembly Gap,0.0902,48.5,51.5,49.81,0.487
2025-04-03,Line A,PART-656,Surface Scratch,0.0364,48.5,51.5,49.625,0.478
2025-04-03,Line B,PART-687,Assembly Gap,0.0567,48.5,51.5,51.475,0.828
2025-04-03,Line C,PART-534,Dimension Variation,0.0605,48.5,51.5,51.342,0.271
2025-04-03,EV Line,PART-139,Assembly Gap,0.0394,48.5,51.5,47.894,0.173
2025-04-03,Battery Line,PART-781,Paint Defect,0.0603,48.5,51.5,50.294,0.802
2025-04-04,Line A,PART-891,Assembly Gap,0.0431,48.5,51.5,50.87,0.219
2025-04-04,Line B,PART-553,Surface Scratch,0.0787,48.5,51.5,49.353,0.678
2025-04-04,Line C,PART-760,Sensor Failure,0.0102,48.5,51.5,49.879,0.41
2025-04-04,EV Line,PART-226,Sensor Failure,0.0409,48.5,51.5,50.062,0.754
2025-04-04,Battery Line,PART-144,Paint Defect,0.0676,48.5,51.5,49.773,0.544
2025-04-05,Line A,PART-276,Surface Scratch,0.0246,48.5,51.5,49.359,0.626
2025-04-05,Line B,PART-179,Paint Defect,0.0271,48.5,51.5,51.8,0.719
2025-04-05,Line C,PART-567,Surface Scratch,0.0451,48.5,51.5,50.455,0.607
2025-04-05,EV Line,PART-194,Surface Scratch,0.0677,48.5,51.5,50.951,0.607
2025-04-05,Battery Line,PART-679,Assembly Gap,0.0869,48.5,51.5,49.24,0.807
2025-04-06,Line A,PART-200,Sensor Failure,0.0466,48.5,51.5,49.701,0.164
2025-04-06,Line B,PART-367,Paint Defect,0.0367,48.5,51.5,49.822,0.8
2025-04-06,Line C,PART-897,Assembly Gap,0.0095,48.5,51.5,49.833,0.193
2025-04-06,EV Line,PART-998,Surface Scratch,0.0206,48.5,51.5,49.443,0.556
2025-04-06,Battery Line,PART-649,Assembly Gap,0.0238,48.5,51.5,49.589,0.251
2025-04-07,Line A,PART-977,Surface Scratch,0.0774,48.5,51.5,51.18,0.652
2025-04-07,Line B,PART-109,Sensor Failure,0.093,48.5,51.5,49.896,0.816
2025-04-07,Line C,PART-605,Assembly Gap,0.0428,48.5,51.5,48.859,0.442
2025-04-07,EV Line,PART-373,Assembly Gap,0.0473,48.5,51.5,52.019,0.683
2025-04-07,Battery Line,PART-749,Welding Defect,0.0564,48.5,51.5,50.526,0.543
2025-04-08,Line A,PART-767,Assembly Gap,0.0964,48.5,51.5,51.317,0.596
2025-04-08,Line B,PART-952,Dimension Variation,0.0952,48.5,51.5,49.954,0.337
2025-04-08,Line C,PART-625,Dimension Variation,0.0368,48.5,51.5,50.128,0.341
2025-04-08,EV Line,PART-623,Paint Defect,0.0045,48.5,51.5,49.169,0.598
2025-04-08,Battery Line,PART-451,Assembly Gap,0.0514,48.5,51.5,49.294,0.656
2025-04-09,Line A,PART-386,Sensor Failure,0.0846,48.5,51.5,50.941,0.738
2025-04-09,Line B,PART-702,Paint Defect,0.0541,48.5,51.5,49.328,0.351
2025-04-09,Line C,PART-254,Sensor Failure,0.069,48.5,51.5,49.969,0.699
2025-04-09,EV Line,PART-414,Surface Scratch,0.0791,48.5,51.5,49.801,0.307
2025-04-09,Battery Line,PART-978,Dimension Variation,0.0937,48.5,51.5,49.476,0.371
2025-04-10,Line A,PART-523,Welding Defect,0.0818,48.5,51.5,49.907,0.328
2025-04-10,Line B,PART-608,Assembly Gap,0.0132,48.5,51.5,49.536,0.454
2025-04-10,Line C,PART-860,Assembly Gap,0.0808,48.5,51.5,50.499,0.394
2025-04-10,EV Line,PART-363,Welding Defect,0.0594,48.5,51.5,50.652,0.877
2025-04-10,Battery Line,PART-570,Dimension Variation,0.0829,48.5,51.5,49.559,0.436
2025-04-11,Line A,PART-270,Surface Scratch,0.0213,48.5,51.5,49.278,0.607
2025-04-11,Line B,PART-746,Dimension Variation,0.01,48.5,51.5,48.521,0.481
2025-04-11,Line C,PART-146,Surface Scratch,0.036,48.5,51.5,51.279,0.39
2025-04-11,EV Line,PART-806,Paint Defect,0.0075,48.5,51.5,52.044,0.58
2025-04-11,Battery Line,PART-839,Paint Defect,0.0102,48.5,51.5,50.763,0.305
2025-04-12,Line A,PART-339,Welding Defect,0.0667,48.5,51.5,51.027,0.599
2025-04-12,Line B,PART-942,Assembly Gap,0.0574,48.5,51.5,50.251,0.355
2025-04-12,Line C,PART-198,Paint Defect,0.0036,48.5,51.5,51.297,0.441
2025-04-12,EV Line,PART-747,Paint Defect,0.0441,48.5,51.5,48.195,0.225
2025-04-12,Battery Line,PART-399,Surface Scratch,0.0135,48.5,51.5,49.504,0.27
2025-04-13,Line A,PART-477,Assembly Gap,0.0168,48.5,51.5,50.865,0.835
2025-04-13,Line B,PART-489,Assembly Gap,0.0059,48.5,51.5,50.515,0.445
2025-04-13,Line C,PART-817,Paint Defect,0.0319,48.5,51.5,49.935,0.875
2025-04-13,EV Line,PART-854,Paint Defect,0.0256,48.5,51.5,50.117,0.817
2025-04-13,Battery Line,PART-689,Surface Scratch,0.0582,48.5,51.5,50.926,0.306
2025-04-14,Line A,PART-224,Sensor Failure,0.0379,48.5,51.5,52.06,0.803
2025-04-14,Line B,PART-773,Surface Scratch,0.0375,48.5,51.5,50.22,0.825
2025-04-14,Line C,PART-352,Dimension Variation,0.0639,48.5,51.5,49.961,0.532
2025-04-14,EV Line,PART-582,Paint Defect,0.0805,48.5,51.5,49.134,0.459
2025-04-14,Battery Line,PART-494,Paint Defect,0.0705,48.5,51.5,49.925,0.326
2025-04-15,Line A,PART-299,Welding Defect,0.041,48.5,51.5,49.907,0.679
2025-04-15,Line B,PART-395,Assembly Gap,0.0487,48.5,51.5,50.301,0.653
2025-04-15,Line C,PART-163,Assembly Gap,0.0876,48.5,51.5,49.705,0.357
2025-04-15,EV Line,PART-161,Surface Scratch,0.0591,48.5,51.5,50.304,0.893
2025-04-15,Battery Line,PART-434,Surface Scratch,0.0149,48.5,51.5,50.543,0.775
2025-04-16,Line A,PART-921,Sensor Failure,0.0891,48.5,51.5,50.145,0.206
2025-04-16,Line B,PART-628,Paint Defect,0.0552,48.5,51.5,50.945,0.313
2025-04-16,Line C,PART-908,Sensor Failure,0.0194,48.5,51.5,51.226,0.49
2025-04-16,EV Line,PART-109,Paint Defect,0.0777,48.5,51.5,49.411,0.607
2025-04-16,Battery Line,PART-105,Paint Defect,0.0859,48.5,51.5,49.911,0.481
2025-04-17,Line A,PART-752,Welding Defect,0.0477,48.5,51.5,51.231,0.765
2025-04-17,Line B,PART-397,Welding Defect,0.0709,48.5,51.5,49.455,0.396
2025-04-17,Line C,PART-311,Welding Defect,0.0719,48.5,51.5,50.33,0.437
2025-04-17,EV Line,PART-865,Sensor Failure,0.0918,48.5,51.5,51.086,0.451
2025-04-17,Battery Line,PART-152,Welding Defect,0.0958,48.5,51.5,49.326,0.59
2025-04-18,Line A,PART-981,Surface Scratch,0.0801,48.5,51.5,50.913,0.192
2025-04-18,Line B,PART-488,Assembly Gap,0.0896,48.5,51.5,50.004,0.501
2025-04-18,Line C,PART-360,Assembly Gap,0.0551,48.5,51.5,49.117,0.559
2025-04-18,EV Line,PART-339,Sensor Failure,0.099,48.5,51.5,48.806,0.471
2025-04-18,Battery Line,PART-489,Welding Defect,0.0685,48.5,51.5,50.187,0.492
2025-04-19,Line A,PART-885,Welding Defect,0.0829,48.5,51.5,49.761,0.585
2025-04-19,Line B,PART-224,Welding Defect,0.0887,48.5,51.5,50.133,0.748
2025-04-19,Line C,PART-338,Dimension Variation,0.0091,48.5,51.5,50.549,0.683
2025-04-19,EV Line,PART-327,Dimension Variation,0.0439,48.5,51.5,49.919,0.389
2025-04-19,Battery Line,PART-882,Paint Defect,0.0172,48.5,51.5,49.742,0.624
2025-04-20,Line A,PART-483,Surface Scratch,0.0307,48.5,51.5,48.157,0.767
2025-04-20,Line B,PART-577,Surface Scratch,0.0835,48.5,51.5,50.464,0.273
2025-04-20,Line C,PART-562,Paint Defect,0.0924,48.5,51.5,51.274,0.718
2025-04-20,EV Line,PART-388,Surface Scratch,0.0309,48.5,51.5,50.812,0.254
2025-04-20,Battery Line,PART-826,Sensor Failure,0.0657,48.5,51.5,48.715,0.186
2025-04-21,Line A,PART-822,Dimension Variation,0.0267,48.5,51.5,50.664,0.26
2025-04-21,Line B,PART-747,Paint Defect,0.0386,48.5,51.5,49.788,0.773
2025-04-21,Line C,PART-800,Paint Defect,0.0104,48.5,51.5,50.541,0.497
2025-04-21,EV Line,PART-400,Surface Scratch,0.0313,48.5,51.5,52.063,0.314
2025-04-21,Battery Line,PART-272,Paint Defect,0.0414,48.5,51.5,50.722,0.336
2025-04-22,Line A,PART-548,Paint Defect,0.0099,48.5,51.5,50.731,0.627
2025-04-22,Line B,PART-932,Welding Defect,0.0992,48.5,51.5,49.514,0.59
2025-04-22,Line C,PART-860,Assembly Gap,0.0543,48.5,51.5,50.603,0.16
2025-04-22,EV Line,PART-789,Assembly Gap,0.0673,48.5,51.5,49.297,0.818
2025-04-22,Battery Line,PART-158,Paint Defect,0.0369,48.5,51.5,49.244,0.231
2025-04-23,Line A,PART-570,Dimension Variation,0.075,48.5,51.5,48.05,0.813
2025-04-23,Line B,PART-528,Paint Defect,0.0078,48.5,51.5,48.813,0.497
2025-04-23,Line C,PART-968,Dimension Variation,0.0181,48.5,51.5,49.9,0.696
2025-04-23,EV Line,PART-545,Paint Defect,0.0261,48.5,51.5,48.248,0.313
2025-04-23,Battery Line,PART-435,Dimension Variation,0.0519,48.5,51.5,50.222,0.75
2025-04-24,Line A,PART-113,Welding Defect,0.0553,48.5,51.5,50.098,0.885
2025-04-24,Line B,PART-768,Surface Scratch,0.0441,48.5,51.5,50.195,0.517
2025-04-24,Line C,PART-471,Surface Scratch,0.0357,48.5,51.5,48.957,0.589
2025-04-24,EV Line,PART-161,Sensor Failure,0.0817,48.5,51.5,49.788,0.709
2025-04-24,Battery Line,PART-421,Assembly Gap,0.0509,48.5,51.5,49.842,0.469
2025-04-25,Line A,PART-611,Paint Defect,0.067,48.5,51.5,50.077,0.666
2025-04-25,Line B,PART-794,Paint Defect,0.0567,48.5,51.5,49.837,0.212
2025-04-25,Line C,PART-204,Welding Defect,0.0674,48.5,51.5,50.646,0.813
2025-04-25,EV Line,PART-484,Welding Defect,0.0873,48.5,51.5,50.776,0.185
2025-04-25,Battery Line,PART-631,Assembly Gap,0.0928,48.5,51.5,50.135,0.533
2025-04-26,Line A,PART-658,Assembly Gap,0.0545,48.5,51.5,49.53,0.784
2025-04-26,Line B,PART-800,Paint Defect,0.0722,48.5,51.5,50.788,0.442
2025-04-26,Line C,PART-772,Paint Defect,0.0573,48.5,51.5,50.005,0.358
2025-04-26,EV Line,PART-205,Surface Scratch,0.0815,48.5,51.5,52.012,0.263
2025-04-26,Battery Line,PART-235,Sensor Failure,0.0437,48.5,51.5,51.062,0.644
2025-04-27,Line A,PART-461,Assembly Gap,0.0393,48.5,51.5,51.441,0.301
2025-04-27,Line B,PART-131,Assembly Gap,0.0627,48.5,51.5,51.552,0.894
2025-04-27,Line C,PART-146,Paint Defect,0.0251,48.5,51.5,50.2,0.829
2025-04-27,EV Line,PART-664,Paint Defect,0.0668,48.5,51.5,49.526,0.899
2025-04-27,Battery Line,PART-291,Surface Scratch,0.0304,48.5,51.5,49.805,0.5
2025-04-28,Line A,PART-423,Sensor Failure,0.0965,48.5,51.5,49.076,0.728
2025-04-28,Line B,PART-955,Sensor Failure,0.0828,48.5,51.5,50.071,0.42
2025-04-28,Line C,PART-133,Paint Defect,0.0763,48.5,51.5,50.903,0.456
2025-04-28,EV Line,PART-604,Surface Scratch,0.0614,48.5,51.5,51.532,0.879
2025-04-28,Battery Line,PART-543,Welding Defect,0.0317,48.5,51.5,50.884,0.354
2025-04-29,Line A,PART-184,Dimension Variation,0.0381,48.5,51.5,49.543,0.279
2025-04-29,Line B,PART-312,Surface Scratch,0.0216,48.5,51.5,52.007,0.157
2025-04-29,Line C,PART-655,Welding Defect,0.0221,48.5,51.5,51.039,0.734
2025-04-29,EV Line,PART-485,Paint Defect,0.0765,48.5,51.5,51.294,0.29
2025-04-29,Battery Line,PART-109,Assembly Gap,0.0325,48.5,51.5,50.038,0.297
2025-04-30,Line A,PART-261,Welding Defect,0.0572,48.5,51.5,49.518,0.209
2025-04-30,Line B,PART-839,Paint Defect,0.0866,48.5,51.5,50.366,0.217
2025-04-30,Line C,PART-971,Dimension Variation,0.0668,48.5,51.5,49.084,0.364
2025-04-30,EV Line,PART-818,Assembly Gap,0.026,48.5,51.5,50.067,0.156
2025-04-30,Battery Line,PART-129,Sensor Failure,0.0191,48.5,51.5,51.133,0.153
2025-05-01,Line A,PART-888,Welding Defect,0.005,48.5,51.5,50.13,0.295
2025-05-01,Line B,PART-128,Paint Defect,0.0675,48.5,51.5,51.994,0.466
2025-05-01,Line C,PART-761,Sensor Failure,0.0045,48.5,51.5,50.395,0.836
2025-05-01,EV Line,PART-567,Sensor Failure,0.0646,48.5,51.5,49.347,0.42
2025-05-01,Battery Line,PART-683,Surface Scratch,0.0365,48.5,51.5,50.844,0.495
2025-05-02,Line A,PART-640,Assembly Gap,0.0542,48.5,51.5,50.391,0.453
2025-05-02,Line B,PART-574,Sensor Failure,0.0226,48.5,51.5,49.931,0.477
2025-05-02,Line C,PART-782,Welding Defect,0.058,48.5,51.5,47.594,0.19
2025-05-02,EV Line,PART-961,Paint Defect,0.0361,48.5,51.5,50.065,0.718
2025-05-02,Battery Line,PART-979,Welding Defect,0.0447,48.5,51.5,50.705,0.873
2025-05-03,Line A,PART-275,Dimension Variation,0.015,48.5,51.5,50.817,0.716
2025-05-03,Line B,PART-466,Assembly Gap,0.0408,48.5,51.5,49.253,0.286
2025-05-03,Line C,PART-685,Sensor Failure,0.0388,48.5,51.5,49.19,0.7
2025-05-03,EV Line,PART-140,Welding Defect,0.0072,48.5,51.5,50.555,0.192
2025-05-03,Battery Line,PART-865,Paint Defect,0.0665,48.5,51.5,50.18,0.818
2025-05-04,Line A,PART-574,Surface Scratch,0.017,48.5,51.5,50.121,0.273
2025-05-04,Line B,PART-828,Paint Defect,0.0134,48.5,51.5,49.522,0.324
2025-05-04,Line C,PART-218,Welding Defect,0.0276,48.5,51.5,50.667,0.789
2025-05-04,EV Line,PART-276,Sensor Failure,0.027,48.5,51.5,50.487,0.328
2025-05-04,Battery Line,PART-724,Dimension Variation,0.071,48.5,51.5,49.403,0.194
2025-05-05,Line A,PART-378,Paint Defect,0.0192,48.5,51.5,50.949,0.16
2025-05-05,Line B,PART-687,Paint Defect,0.0262,48.5,51.5,49.825,0.878
2025-05-05,Line C,PART-729,Assembly Gap,0.0815,48.5,51.5,49.944,0.154
2025-05-05,EV Line,PART-758,Sensor Failure,0.0356,48.5,51.5,49.418,0.676
2025-05-05,Battery Line,PART-665,Welding Defect,0.0836,48.5,51.5,50.234,0.393
2025-05-06,Line A,PART-850,Assembly Gap,0.0362,48.5,51.5,51.701,0.732
2025-05-06,Line B,PART-206,Sensor Failure,0.0712,48.5,51.5,50.624,0.156
2025-05-06,Line C,PART-203,Surface Scratch,0.073,48.5,51.5,48.859,0.26
2025-05-06,EV Line,PART-972,Assembly Gap,0.0704,48.5,51.5,50.994,0.556
2025-05-06,Battery Line,PART-276,Dimension Variation,0.0096,48.5,51.5,49.514,0.243
2025-05-07,Line A,PART-533,Surface Scratch,0.0233,48.5,51.5,48.407,0.862
2025-05-07,Line B,PART-579,Assembly Gap,0.0194,48.5,51.5,50.002,0.438
2025-05-07,Line C,PART-907,Paint Defect,0.0054,48.5,51.5,49.024,0.697
2025-05-07,EV Line,PART-461,Welding Defect,0.0599,48.5,51.5,50.351,0.448
2025-05-07,Battery Line,PART-541,Sensor Failure,0.0124,48.5,51.5,50.576,0.586
2025-05-08,Line A,PART-781,Paint Defect,0.0171,48.5,51.5,49.972,0.76
2025-05-08,Line B,PART-812,Welding Defect,0.0679,48.5,51.5,50.672,0.799
2025-05-08,Line C,PART-979,Assembly Gap,0.0532,48.5,51.5,50.656,0.21
2025-05-08,EV Line,PART-606,Welding Defect,0.0934,48.5,51.5,50.444,0.172
2025-05-08,Battery Line,PART-237,Surface Scratch,0.065,48.5,51.5,50.397,0.659
2025-05-09,Line A,PART-496,Welding Defect,0.0332,48.5,51.5,49.443,0.715
2025-05-09,Line B,PART-955,Paint Defect,0.0923,48.5,51.5,50.809,0.644
2025-05-09,Line C,PART-319,Dimension Variation,0.0257,48.5,51.5,50.214,0.171
2025-05-09,EV Line,PART-411,Paint Defect,0.0983,48.5,51.5,49.582,0.57
2025-05-09,Battery Line,PART-408,Welding Defect,0.0642,48.5,51.5,49.651,0.253
2025-05-10,Line A,PART-687,Assembly Gap,0.0497,48.5,51.5,50.991,0.751
2025-05-10,Line B,PART-380,Sensor Failure,0.0933,48.5,51.5,50.306,0.235
2025-05-10,Line C,PART-670,Sensor Failure,0.0444,48.5,51.5,49.759,0.807
2025-05-10,EV Line,PART-939,Welding Defect,0.0046,48.5,51.5,51.736,0.864
2025-05-10,Battery Line,PART-687,Welding Defect,0.0688,48.5,51.5,49.489,0.236
2025-05-11,Line A,PART-884,Assembly Gap,0.0586,48.5,51.5,49.221,0.613
2025-05-11,Line B,PART-880,Dimension Variation,0.0851,48.5,51.5,50.86,0.619
2025-05-11,Line C,PART-305,Welding Defect,0.0748,48.5,51.5,51.105,0.233
2025-05-11,EV Line,PART-108,Surface Scratch,0.0896,48.5,51.5,50.075,0.502
2025-05-11,Battery Line,PART-791,Assembly Gap,0.0417,48.5,51.5,48.546,0.212
2025-05-12,Line A,PART-323,Paint Defect,0.0758,48.5,51.5,50.046,0.581
2025-05-12,Line B,PART-678,Sensor Failure,0.0786,48.5,51.5,50.08,0.271
2025-05-12,Line C,PART-659,Assembly Gap,0.0143,48.5,51.5,51.038,0.312
2025-05-12,EV Line,PART-984,Assembly Gap,0.0321,48.5,51.5,51.009,0.563
2025-05-12,Battery Line,PART-596,Sensor Failure,0.0995,48.5,51.5,51.247,0.365
2025-05-13,Line A,PART-356,Sensor Failure,0.0551,48.5,51.5,49.821,0.494
2025-05-13,Line B,PART-119,Dimension Variation,0.0307,48.5,51.5,49.564,0.784
2025-05-13,Line C,PART-226,Dimension Variation,0.0725,48.5,51.5,50.563,0.861
2025-05-13,EV Line,PART-246,Paint Defect,0.0082,48.5,51.5,50.275,0.249
2025-05-13,Battery Line,PART-673,Surface Scratch,0.0319,48.5,51.5,50.17,0.23
2025-05-14,Line A,PART-119,Paint Defect,0.083,48.5,51.5,49.29,0.755
2025-05-14,Line B,PART-744,Surface Scratch,0.0347,48.5,51.5,50.928,0.328
2025-05-14,Line C,PART-320,Assembly Gap,0.0271,48.5,51.5,49.918,0.244
2025-05-14,EV Line,PART-309,Surface Scratch,0.0726,48.5,51.5,50.196,0.343
2025-05-14,Battery Line,PART-387,Sensor Failure,0.0391,48.5,51.5,51.032,0.361
2025-05-15,Line A,PART-644,Assembly Gap,0.0429,48.5,51.5,51.731,0.594
2025-05-15,Line B,PART-491,Paint Defect,0.0521,48.5,51.5,50.433,0.738
2025-05-15,Line C,PART-485,Dimension Variation,0.0085,48.5,51.5,49.263,0.27
2025-05-15,EV Line,PART-749,Welding Defect,0.0648,48.5,51.5,50.135,0.454
2025-05-15,Battery Line,PART-571,Welding Defect,0.0652,48.5,51.5,50.49,0.225
2025-05-16,Line A,PART-267,Paint Defect,0.0094,48.5,51.5,51.402,0.482
2025-05-16,Line B,PART-130,Dimension Variation,0.0763,48.5,51.5,49.33,0.563
2025-05-16,Line C,PART-276,Dimension Variation,0.081,48.5,51.5,51.227,0.358
2025-05-16,EV Line,PART-370,Sensor Failure,0.0886,48.5,51.5,49.296,0.628
2025-05-16,Battery Line,PART-809,Welding Defect,0.0383,48.5,51.5,49.844,0.836
2025-05-17,Line A,PART-601,Welding Defect,0.0108,48.5,51.5,49.947,0.867
2025-05-17,Line B,PART-449,Paint Defect,0.0443,48.5,51.5,49.199,0.457
2025-05-17,Line C,PART-429,Dimension Variation,0.0873,48.5,51.5,50.388,0.417
2025-05-17,EV Line,PART-260,Surface Scratch,0.0089,48.5,51.5,50.359,0.308
2025-05-17,Battery Line,PART-761,Sensor Failure,0.0917,48.5,51.5,49.831,0.389
2025-05-18,Line A,PART-257,Dimension Variation,0.0981,48.5,51.5,48.714,0.432
2025-05-18,Line B,PART-218,Sensor Failure,0.0741,48.5,51.5,48.763,0.403
2025-05-18,Line C,PART-714,Assembly Gap,0.0881,48.5,51.5,51.23,0.308
2025-05-18,EV Line,PART-376,Paint Defect,0.0558,48.5,51.5,50.22,0.719
2025-05-18,Battery Line,PART-695,Assembly Gap,0.0591,48.5,51.5,53.909,0.391
2025-05-19,Line A,PART-862,Surface Scratch,0.0456,48.5,51.5,49.944,0.748
2025-05-19,Line B,PART-166,Welding Defect,0.0288,48.5,51.5,49.874,0.435
2025-05-19,Line C,PART-441,Sensor Failure,0.0567,48.5,51.5,48.331,0.593
2025-05-19,EV Line,PART-180,Surface Scratch,0.087,48.5,51.5,49.798,0.279
2025-05-19,Battery Line,PART-947,Sensor Failure,0.0221,48.5,51.5,49.61,0.619
2025-05-20,Line A,PART-728,Assembly Gap,0.0873,48.5,51.5,49.728,0.816
2025-05-20,Line B,PART-482,Surface Scratch,0.0158,48.5,51.5,50.429,0.597
2025-05-20,Line C,PART-227,Sensor Failure,0.0248,48.5,51.5,50.602,0.688
2025-05-20,EV Line,PART-726,Paint Defect,0.0276,48.5,51.5,48.881,0.229
2025-05-20,Battery Line,PART-829,Assembly Gap,0.0352,48.5,51.5,49.811,0.462
2025-05-21,Line A,PART-792,Assembly Gap,0.0139,48.5,51.5,49.836,0.792
2025-05-21,Line B,PART-449,Sensor Failure,0.0346,48.5,51.5,48.683,0.429
2025-05-21,Line C,PART-262,Assembly Gap,0.0671,48.5,51.5,49.222,0.568
2025-05-21,EV Line,PART-838,Surface Scratch,0.0876,48.5,51.5,50.342,0.444
2025-05-21,Battery Line,PART-832,Assembly Gap,0.0645,48.5,51.5,49.251,0.193
2025-05-22,Line A,PART-111,Dimension Variation,0.0055,48.5,51.5,50.706,0.795
2025-05-22,Line B,PART-439,Welding Defect,0.0507,48.5,51.5,50.736,0.35
2025-05-22,Line C,PART-803,Sensor Failure,0.0869,48.5,51.5,50.126,0.557
2025-05-22,EV Line,PART-877,Paint Defect,0.0452,48.5,51.5,50.787,0.255
2025-05-22,Battery Line,PART-965,Surface Scratch,0.0068,48.5,51.5,49.545,0.648
2025-05-23,Line A,PART-466,Surface Scratch,0.0797,48.5,51.5,49.765,0.513
2025-05-23,Line B,PART-108,Dimension Variation,0.0317,48.5,51.5,51.318,0.715
2025-05-23,Line C,PART-601,Welding Defect,0.0281,48.5,51.5,49.267,0.28
2025-05-23,EV Line,PART-251,Welding Defect,0.0736,48.5,51.5,51.616,0.893
2025-05-23,Battery Line,PART-340,Surface Scratch,0.0432,48.5,51.5,49.855,0.274
2025-05-24,Line A,PART-391,Surface Scratch,0.0371,48.5,51.5,50.432,0.699
2025-05-24,Line B,PART-560,Welding Defect,0.0046,48.5,51.5,48.305,0.721
2025-05-24,Line C,PART-896,Assembly Gap,0.0607,48.5,51.5,50.267,0.68
2025-05-24,EV Line,PART-866,Surface Scratch,0.0078,48.5,51.5,49.968,0.663
2025-05-24,Battery Line,PART-122,Sensor Failure,0.024,48.5,51.5,49.767,0.443
2025-05-25,Line A,PART-822,Dimension Variation,0.0058,48.5,51.5,48.653,0.701
2025-05-25,Line B,PART-426,Assembly Gap,0.0542,48.5,51.5,49.95,0.313
2025-05-25,Line C,PART-922,Welding Defect,0.0227,48.5,51.5,48.728,0.821
2025-05-25,EV Line,PART-209,Dimension Variation,0.0316,48.5,51.5,49.075,0.805
2025-05-25,Battery Line,PART-524,Dimension Variation,0.0411,48.5,51.5,49.876,0.528
2025-05-26,Line A,PART-615,Dimension Variation,0.0203,48.5,51.5,50.891,0.249
2025-05-26,Line B,PART-204,Paint Defect,0.0224,48.5,51.5,50.173,0.662
2025-05-26,Line C,PART-491,Welding Defect,0.0833,48.5,51.5,51.274,0.304
2025-05-26,EV Line,PART-613,Sensor Failure,0.0818,48.5,51.5,50.355,0.538
2025-05-26,Battery Line,PART-113,Dimension Variation,0.0349,48.5,51.5,50.711,0.59
2025-05-27,Line A,PART-349,Assembly Gap,0.0593,48.5,51.5,50.286,0.802
2025-05-27,Line B,PART-573,Sensor Failure,0.0811,48.5,51.5,50.688,0.327
2025-05-27,Line C,PART-971,Dimension Variation,0.0563,48.5,51.5,50.784,0.395
2025-05-27,EV Line,PART-354,Assembly Gap,0.0909,48.5,51.5,48.487,0.163
2025-05-27,Battery Line,PART-987,Assembly Gap,0.0795,48.5,51.5,49.364,0.391
2025-05-28,Line A,PART-436,Assembly Gap,0.0093,48.5,51.5,50.468,0.301
2025-05-28,Line B,PART-328,Surface Scratch,0.0315,48.5,51.5,49.744,0.614
2025-05-28,Line C,PART-413,Assembly Gap,0.0763,48.5,51.5,51.541,0.599
2025-05-28,EV Line,PART-535,Sensor Failure,0.095,48.5,51.5,50.62,0.829
2025-05-28,Battery Line,PART-550,Surface Scratch,0.0317,48.5,51.5,49.657,0.889
2025-05-29,Line A,PART-112,Assembly Gap,0.0661,48.5,51.5,51.091,0.833
2025-05-29,Line B,PART-905,Surface Scratch,0.0554,48.5,51.5,49.097,0.281
2025-05-29,Line C,PART-269,Surface Scratch,0.0596,48.5,51.5,49.449,0.295
2025-05-29,EV Line,PART-913,Assembly Gap,0.0404,48.5,51.5,49.258,0.307
2025-05-29,Battery Line,PART-619,Sensor Failure,0.0451,48.5,51.5,50.154,0.245
2025-05-30,Line A,PART-688,Welding Defect,0.0039,48.5,51.5,51.161,0.325
2025-05-30,Line B,PART-761,Paint Defect,0.0755,48.5,51.5,48.908,0.449
2025-05-30,Line C,PART-402,Surface Scratch,0.0745,48.5,51.5,48.965,0.265
2025-05-30,EV Line,PART-225,Assembly Gap,0.0306,48.5,51.5,49.4,0.461
2025-05-30,Battery Line,PART-762,Assembly Gap,0.006,48.5,51.5,48.814,0.555
2025-05-31,Line A,PART-364,Sensor Failure,0.0525,48.5,51.5,49.155,0.685
2025-05-31,Line B,PART-196,Assembly Gap,0.0728,48.5,51.5,49.152,0.849
2025-05-31,Line C,PART-888,Surface Scratch,0.089,48.5,51.5,50.423,0.845
2025-05-31,EV Line,PART-209,Welding Defect,0.0162,48.5,51.5,51.08,0.631
2025-05-31,Battery Line,PART-468,Surface Scratch,0.0963,48.5,51.5,51.239,0.528
2025-06-01,Line A,PART-258,Assembly Gap,0.098,48.5,51.5,47.655,0.427
2025-06-01,Line B,PART-487,Welding Defect,0.0702,48.5,51.5,51.336,0.552
2025-06-01,Line C,PART-583,Paint Defect,0.0084,48.5,51.5,49.187,0.726
2025-06-01,EV Line,PART-549,Sensor Failure,0.0461,48.5,51.5,50.249,0.208
2025-06-01,Battery Line,PART-898,Paint Defect,0.0411,48.5,51.5,48.945,0.671
2025-06-02,Line A,PART-878,Surface Scratch,0.0789,48.5,51.5,48.959,0.657
2025-06-02,Line B,PART-224,Welding Defect,0.0157,48.5,51.5,49.278,0.516
2025-06-02,Line C,PART-627,Welding Defect,0.0225,48.5,51.5,49.89,0.177
2025-06-02,EV Line,PART-182,Welding Defect,0.0405,48.5,51.5,50.532,0.581
2025-06-02,Battery Line,PART-202,Welding Defect,0.0806,48.5,51.5,50.467,0.391
2025-06-03,Line A,PART-358,Dimension Variation,0.037,48.5,51.5,51.905,0.249
2025-06-03,Line B,PART-592,Welding Defect,0.0344,48.5,51.5,49.856,0.478
2025-06-03,Line C,PART-337,Surface Scratch,0.0886,48.5,51.5,51.158,0.324
2025-06-03,EV Line,PART-322,Paint Defect,0.0654,48.5,51.5,49.091,0.87
2025-06-03,Battery Line,PART-555,Assembly Gap,0.0266,48.5,51.5,49.397,0.267
2025-06-04,Line A,PART-892,Sensor Failure,0.0995,48.5,51.5,49.786,0.28
2025-06-04,Line B,PART-845,Dimension Variation,0.0668,48.5,51.5,48.433,0.64
2025-06-04,Line C,PART-469,Paint Defect,0.0166,48.5,51.5,47.781,0.337
2025-06-04,EV Line,PART-327,Surface Scratch,0.02,48.5,51.5,49.719,0.56
2025-06-04,Battery Line,PART-646,Welding Defect,0.0287,48.5,51.5,49.221,0.602
2025-06-05,Line A,PART-177,Dimension Variation,0.0658,48.5,51.5,49.147,0.222
2025-06-05,Line B,PART-819,Assembly Gap,0.0611,48.5,51.5,50.286,0.737
2025-06-05,Line C,PART-630,Surface Scratch,0.0876,48.5,51.5,49.52,0.892
2025-06-05,EV Line,PART-746,Paint Defect,0.0865,48.5,51.5,50.244,0.694
2025-06-05,Battery Line,PART-670,Assembly Gap,0.0456,48.5,51.5,50.561,0.293
2025-06-06,Line A,PART-318,Paint Defect,0.093,48.5,51.5,49.15,0.61
2025-06-06,Line B,PART-852,Welding Defect,0.0515,48.5,51.5,50.269,0.38
2025-06-06,Line C,PART-588,Sensor Failure,0.07,48.5,51.5,48.862,0.459
2025-06-06,EV Line,PART-171,Dimension Variation,0.0747,48.5,51.5,48.828,0.831
2025-06-06,Battery Line,PART-791,Surface Scratch,0.0522,48.5,51.5,48.142,0.176
2025-06-07,Line A,PART-286,Welding Defect,0.0265,48.5,51.5,50.522,0.46
2025-06-07,Line B,PART-339,Dimension Variation,0.0548,48.5,51.5,50.712,0.437
2025-06-07,Line C,PART-511,Sensor Failure,0.0045,48.5,51.5,50.145,0.305
2025-06-07,EV Line,PART-389,Surface Scratch,0.0496,48.5,51.5,49.661,0.555
2025-06-07,Battery Line,PART-961,Dimension Variation,0.0852,48.5,51.5,48.716,0.851
2025-06-08,Line A,PART-840,Surface Scratch,0.0216,48.5,51.5,49.451,0.37
2025-06-08,Line B,PART-563,Sensor Failure,0.009,48.5,51.5,50.953,0.587
2025-06-08,Line C,PART-364,Paint Defect,0.0736,48.5,51.5,50.83,0.784
2025-06-08,EV Line,PART-914,Paint Defect,0.0837,48.5,51.5,51.313,0.775
2025-06-08,Battery Line,PART-557,Surface Scratch,0.0628,48.5,51.5,49.077,0.476
2025-06-09,Line A,PART-293,Dimension Variation,0.063,48.5,51.5,48.753,0.292
2025-06-09,Line B,PART-940,Surface Scratch,0.022,48.5,51.5,50.686,0.353
2025-06-09,Line C,PART-834,Sensor Failure,0.0037,48.5,51.5,49.322,0.686
2025-06-09,EV Line,PART-936,Dimension Variation,0.0588,48.5,51.5,50.009,0.748
2025-06-09,Battery Line,PART-917,Welding Defect,0.0222,48.5,51.5,49.417,0.261
2025-06-10,Line A,PART-664,Assembly Gap,0.0234,48.5,51.5,50.018,0.44
2025-06-10,Line B,PART-456,Dimension Variation,0.0385,48.5,51.5,49.511,0.895
2025-06-10,Line C,PART-515,Paint Defect,0.0899,48.5,51.5,48.921,0.405
2025-06-10,EV Line,PART-754,Sensor Failure,0.0834,48.5,51.5,50.213,0.467
2025-06-10,Battery Line,PART-448,Dimension Variation,0.0719,48.5,51.5,49.791,0.804
2025-06-11,Line A,PART-178,Paint Defect,0.0179,48.5,51.5,50.866,0.443
2025-06-11,Line B,PART-719,Welding Defect,0.0681,48.5,51.5,50.359,0.772
2025-06-11,Line C,PART-825,Surface Scratch,0.0487,48.5,51.5,49.756,0.845
2025-06-11,EV Line,PART-412,Surface Scratch,0.0869,48.5,51.5,49.961,0.153
2025-06-11,Battery Line,PART-973,Paint Defect,0.0806,48.5,51.5,49.531,0.586
2025-06-12,Line A,PART-241,Surface Scratch,0.0772,48.5,51.5,48.138,0.742
2025-06-12,Line B,PART-333,Dimension Variation,0.0997,48.5,51.5,48.889,0.7
2025-06-12,Line C,PART-748,Assembly Gap,0.0863,48.5,51.5,49.841,0.243
2025-06-12,EV Line,PART-684,Dimension Variation,0.0927,48.5,51.5,50.931,0.285
2025-06-12,Battery Line,PART-254,Paint Defect,0.0592,48.5,51.5,51.004,0.498
2025-06-13,Line A,PART-576,Assembly Gap,0.0619,48.5,51.5,51.316,0.444
2025-06-13,Line B,PART-336,Dimension Variation,0.0149,48.5,51.5,49.341,0.478
2025-06-13,Line C,PART-947,Dimension Variation,0.0178,48.5,51.5,50.176,0.768
2025-06-13,EV Line,PART-923,Surface Scratch,0.0077,48.5,51.5,51.322,0.313
2025-06-13,Battery Line,PART-948,Welding Defect,0.0501,48.5,51.5,49.49,0.359
2025-06-14,Line A,PART-434,Assembly Gap,0.0973,48.5,51.5,50.135,0.844
2025-06-14,Line B,PART-885,Paint Defect,0.094,48.5,51.5,48.444,0.445
2025-06-14,Line C,PART-751,Paint Defect,0.0256,48.5,51.5,50.439,0.551
2025-06-14,EV Line,PART-357,Dimension Variation,0.017,48.5,51.5,50.752,0.827
2025-06-14,Battery Line,PART-985,Sensor Failure,0.0087,48.5,51.5,48.967,0.29
2025-06-15,Line A,PART-133,Surface Scratch,0.0592,48.5,51.5,49.821,0.586
2025-06-15,Line B,PART-620,Sensor Failure,0.0829,48.5,51.5,50.03,0.34
2025-06-15,Line C,PART-487,Dimension Variation,0.0724,48.5,51.5,50.66,0.234
2025-06-15,EV Line,PART-431,Welding Defect,0.0238,48.5,51.5,49.361,0.175
2025-06-15,Battery Line,PART-638,Dimension Variation,0.007,48.5,51.5,48.628,0.605
2025-06-16,Line A,PART-251,Sensor Failure,0.0572,48.5,51.5,47.959,0.572
2025-06-16,Line B,PART-112,Surface Scratch,0.0963,48.5,51.5,48.317,0.328
2025-06-16,Line C,PART-346,Sensor Failure,0.0416,48.5,51.5,49.278,0.509
2025-06-16,EV Line,PART-813,Assembly Gap,0.0439,48.5,51.5,51.677,0.573
2025-06-16,Battery Line,PART-779,Surface Scratch,0.0254,48.5,51.5,49.671,0.643
2025-06-17,Line A,PART-814,Welding Defect,0.0109,48.5,51.5,51.278,0.493
2025-06-17,Line B,PART-835,Surface Scratch,0.0969,48.5,51.5,50.485,0.518
2025-06-17,Line C,PART-517,Paint Defect,0.0105,48.5,51.5,49.953,0.59
2025-06-17,EV Line,PART-237,Surface Scratch,0.0399,48.5,51.5,51.448,0.618
2025-06-17,Battery Line,PART-870,Assembly Gap,0.0655,48.5,51.5,49.332,0.226
2025-06-18,Line A,PART-729,Sensor Failure,0.0662,48.5,51.5,49.416,0.525
2025-06-18,Line B,PART-144,Sensor Failure,0.056,48.5,51.5,50.366,0.224
2025-06-18,Line C,PART-402,Welding Defect,0.0445,48.5,51.5,48.85,0.873
2025-06-18,EV Line,PART-682,Surface Scratch,0.0191,48.5,51.5,50.827,0.71
2025-06-18,Battery Line,PART-640,Surface Scratch,0.0694,48.5,51.5,50.043,0.285
2025-06-19,Line A,PART-615,Dimension Variation,0.0962,48.5,51.5,49.309,0.321
2025-06-19,Line B,PART-432,Welding Defect,0.048,48.5,51.5,50.44,0.701
2025-06-19,Line C,PART-156,Sensor Failure,0.0534,48.5,51.5,47.974,0.634
2025-06-19,EV Line,PART-527,Assembly Gap,0.0703,48.5,51.5,50.978,0.699
2025-06-19,Battery Line,PART-844,Assembly Gap,0.0194,48.5,51.5,49.752,0.654
2025-06-20,Line A,PART-900,Welding Defect,0.095,48.5,51.5,50.569,0.262
2025-06-20,Line B,PART-595,Sensor Failure,0.0837,48.5,51.5,50.728,0.189
2025-06-20,Line C,PART-792,Welding Defect,0.0911,48.5,51.5,49.752,0.251
2025-06-20,EV Line,PART-102,Assembly Gap,0.0455,48.5,51.5,48.809,0.207
2025-06-20,Battery Line,PART-635,Assembly Gap,0.0493,48.5,51.5,51.468,0.861
2025-06-21,Line A,PART-364,Surface Scratch,0.0145,48.5,51.5,49.386,0.49
2025-06-21,Line B,PART-470,Sensor Failure,0.0443,48.5,51.5,51.606,0.808
2025-06-21,Line C,PART-613,Welding Defect,0.0177,48.5,51.5,48.746,0.566
2025-06-21,EV Line,PART-228,Paint Defect,0.0963,48.5,51.5,49.642,0.181
2025-06-21,Battery Line,PART-676,Paint Defect,0.0973,48.5,51.5,49.669,0.662
2025-06-22,Line A,PART-811,Sensor Failure,0.0491,48.5,51.5,51.515,0.793
2025-06-22,Line B,PART-618,Assembly Gap,0.0369,48.5,51.5,49.47,0.49
2025-06-22,Line C,PART-814,Assembly Gap,0.0117,48.5,51.5,50.052,0.561
2025-06-22,EV Line,PART-869,Dimension Variation,0.0483,48.5,51.5,50.582,0.286
2025-06-22,Battery Line,PART-169,Welding Defect,0.0097,48.5,51.5,49.763,0.794
2025-06-23,Line A,PART-639,Surface Scratch,0.0391,48.5,51.5,49.624,0.168
2025-06-23,Line B,PART-807,Paint Defect,0.0553,48.5,51.5,49.351,0.245
2025-06-23,Line C,PART-288,Paint Defect,0.0776,48.5,51.5,48.797,0.197
2025-06-23,EV Line,PART-189,Sensor Failure,0.0708,48.5,51.5,49.107,0.506
2025-06-23,Battery Line,PART-624,Surface Scratch,0.0087,48.5,51.5,50.803,0.629
2025-06-24,Line A,PART-857,Dimension Variation,0.0712,48.5,51.5,50.141,0.309
2025-06-24,Line B,PART-340,Welding Defect,0.0691,48.5,51.5,50.338,0.258
2025-06-24,Line C,PART-450,Paint Defect,0.0291,48.5,51.5,49.206,0.421
2025-06-24,EV Line,PART-592,Dimension Variation,0.023,48.5,51.5,49.777,0.612
2025-06-24,Battery Line,PART-310,Sensor Failure,0.0065,48.5,51.5,51.209,0.552
2025-06-25,Line A,PART-433,Welding Defect,0.0861,48.5,51.5,49.848,0.491
2025-06-25,Line B,PART-298,Dimension Variation,0.0145,48.5,51.5,49.732,0.424
2025-06-25,Line C,PART-603,Surface Scratch,0.0221,48.5,51.5,50.26,0.244
2025-06-25,EV Line,PART-217,Sensor Failure,0.0591,48.5,51.5,48.937,0.865
2025-06-25,Battery Line,PART-395,Assembly Gap,0.0974,48.5,51.5,51.739,0.716
2025-06-26,Line A,PART-649,Assembly Gap,0.0729,48.5,51.5,50.994,0.764
2025-06-26,Line B,PART-956,Welding Defect,0.0544,48.5,51.5,50.216,0.574
2025-06-26,Line C,PART-828,Assembly Gap,0.0052,48.5,51.5,48.671,0.168
2025-06-26,EV Line,PART-419,Welding Defect,0.0529,48.5,51.5,50.806,0.828
2025-06-26,Battery Line,PART-424,Dimension Variation,0.0962,48.5,51.5,50.419,0.545
2025-06-27,Line A,PART-142,Welding Defect,0.0119,48.5,51.5,48.994,0.24
2025-06-27,Line B,PART-660,Surface Scratch,0.0367,48.5,51.5,50.703,0.514
2025-06-27,Line C,PART-360,Dimension Variation,0.0552,48.5,51.5,51.732,0.881
2025-06-27,EV Line,PART-652,Surface Scratch,0.0494,48.5,51.5,50.346,0.781
2025-06-27,Battery Line,PART-634,Sensor Failure,0.0874,48.5,51.5,51.479,0.559
2025-06-28,Line A,PART-795,Dimension Variation,0.0209,48.5,51.5,49.285,0.305
2025-06-28,Line B,PART-230,Sensor Failure,0.0731,48.5,51.5,50.407,0.422
2025-06-28,Line C,PART-520,Paint Defect,0.0685,48.5,51.5,51.885,0.821
2025-06-28,EV Line,PART-474,Dimension Variation,0.036,48.5,51.5,49.463,0.677
2025-06-28,Battery Line,PART-465,Dimension Variation,0.039,48.5,51.5,48.667,0.74
2025-06-29,Line A,PART-336,Welding Defect,0.0666,48.5,51.5,49.999,0.626
2025-06-29,Line B,PART-128,Assembly Gap,0.0397,48.5,51.5,50.695,0.766
2025-06-29,Line C,PART-730,Dimension Variation,0.0263,48.5,51.5,51.255,0.679
2025-06-29,EV Line,PART-237,Dimension Variation,0.0063,48.5,51.5,50.235,0.316
2025-06-29,Battery Line,PART-181,Surface Scratch,0.0308,48.5,51.5,51.329,0.299
2025-06-30,Line A,PART-996,Surface Scratch,0.0953,48.5,51.5,50.506,0.566
2025-06-30,Line B,PART-585,Sensor Failure,0.0905,48.5,51.5,49.118,0.415
2025-06-30,Line C,PART-527,Surface Scratch,0.068,48.5,51.5,48.687,0.716
2025-06-30,EV Line,PART-673,Dimension Variation,0.0089,48.5,51.5,50.998,0.255
2025-06-30,Battery Line,PART-325,Sensor Failure,0.0259,48.5,51.5,48.845,0.456
2025-07-01,Line A,PART-476,Surface Scratch,0.0575,48.5,51.5,50.566,0.364
2025-07-01,Line B,PART-995,Sensor Failure,0.0259,48.5,51.5,50.176,0.866
2025-07-01,Line C,PART-421,Assembly Gap,0.0666,48.5,51.5,49.476,0.496
2025-07-01,EV Line,PART-218,Assembly Gap,0.0187,48.5,51.5,50.782,0.747
2025-07-01,Battery Line,PART-807,Assembly Gap,0.0215,48.5,51.5,50.823,0.27
2025-07-02,Line A,PART-829,Assembly Gap,0.0664,48.5,51.5,51.132,0.804
2025-07-02,Line B,PART-405,Surface Scratch,0.0502,48.5,51.5,49.853,0.674
2025-07-02,Line C,PART-482,Sensor Failure,0.0726,48.5,51.5,49.039,0.693
2025-07-02,EV Line,PART-154,Assembly Gap,0.0323,48.5,51.5,49.477,0.159
2025-07-02,Battery Line,PART-496,Welding Defect,0.0722,48.5,51.5,50.805,0.788
2025-07-03,Line A,PART-283,Welding Defect,0.07,48.5,51.5,47.987,0.624
2025-07-03,Line B,PART-744,Dimension Variation,0.0163,48.5,51.5,48.573,0.746
2025-07-03,Line C,PART-609,Surface Scratch,0.0683,48.5,51.5,49.998,0.493
2025-07-03,EV Line,PART-507,Surface Scratch,0.071,48.5,51.5,48.256,0.467
2025-07-03,Battery Line,PART-227,Dimension Variation,0.0893,48.5,51.5,48.875,0.166
2025-07-04,Line A,PART-304,Sensor Failure,0.0361,48.5,51.5,50.975,0.854
2025-07-04,Line B,PART-695,Dimension Variation,0.0348,48.5,51.5,49.544,0.194
2025-07-04,Line C,PART-731,Assembly Gap,0.0638,48.5,51.5,50.281,0.589
2025-07-04,EV Line,PART-656,Dimension Variation,0.0277,48.5,51.5,49.079,0.188
2025-07-04,Battery Line,PART-930,Surface Scratch,0.0257,48.5,51.5,49.862,0.895
2025-07-05,Line A,PART-591,Dimension Variation,0.0105,48.5,51.5,47.994,0.425
2025-07-05,Line B,PART-944,Surface Scratch,0.057,48.5,51.5,49.492,0.486
2025-07-05,Line C,PART-269,Surface Scratch,0.0468,48.5,51.5,50.795,0.584
2025-07-05,EV Line,PART-689,Welding Defect,0.0706,48.5,51.5,49.718,0.431
2025-07-05,Battery Line,PART-133,Welding Defect,0.0714,48.5,51.5,49.959,0.219
2025-07-06,Line A,PART-789,Sensor Failure,0.0495,48.5,51.5,49.87,0.747
2025-07-06,Line B,PART-584,Sensor Failure,0.0754,48.5,51.5,48.67,0.894
2025-07-06,Line C,PART-742,Paint Defect,0.0261,48.5,51.5,49.756,0.477
2025-07-06,EV Line,PART-302,Sensor Failure,0.0565,48.5,51.5,49.828,0.162
2025-07-06,Battery Line,PART-414,Welding Defect,0.0171,48.5,51.5,51.156,0.301
2025-07-07,Line A,PART-639,Dimension Variation,0.0538,48.5,51.5,49.372,0.436
2025-07-07,Line B,PART-839,Sensor Failure,0.0539,48.5,51.5,51.867,0.581
2025-07-07,Line C,PART-778,Dimension Variation,0.0318,48.5,51.5,49.117,0.281
2025-07-07,EV Line,PART-949,Assembly Gap,0.0437,48.5,51.5,49.768,0.784
2025-07-07,Battery Line,PART-687,Assembly Gap,0.0666,48.5,51.5,50.701,0.324
2025-07-08,Line A,PART-877,Sensor Failure,0.0832,48.5,51.5,50.233,0.854
2025-07-08,Line B,PART-234,Assembly Gap,0.0125,48.5,51.5,49.75,0.742
2025-07-08,Line C,PART-489,Assembly Gap,0.0039,48.5,51.5,50.24,0.762
2025-07-08,EV Line,PART-409,Paint Defect,0.0483,48.5,51.5,50.602,0.37
2025-07-08,Battery Line,PART-170,Surface Scratch,0.0317,48.5,51.5,49.691,0.185
2025-07-09,Line A,PART-234,Surface Scratch,0.0902,48.5,51.5,49.864,0.838
2025-07-09,Line B,PART-851,Paint Defect,0.0859,48.5,51.5,49.879,0.779
2025-07-09,Line C,PART-395,Dimension Variation,0.0874,48.5,51.5,51.956,0.555
2025-07-09,EV Line,PART-528,Dimension Variation,0.0535,48.5,51.5,49.918,0.581
2025-07-09,Battery Line,PART-986,Assembly Gap,0.0496,48.5,51.5,50.45,0.712
2025-07-10,Line A,PART-597,Welding Defect,0.0511,48.5,51.5,49.203,0.277
2025-07-10,Line B,PART-694,Surface Scratch,0.0384,48.5,51.5,50.485,0.532
2025-07-10,Line C,PART-522,Surface Scratch,0.0214,48.5,51.5,50.27,0.211
2025-07-10,EV Line,PART-500,Sensor Failure,0.0767,48.5,51.5,50.54,0.602
2025-07-10,Battery Line,PART-710,Assembly Gap,0.0183,48.5,51.5,47.892,0.814
2025-07-11,Line A,PART-173,Dimension Variation,0.0425,48.5,51.5,50.195,0.658
2025-07-11,Line B,PART-836,Sensor Failure,0.0279,48.5,51.5,50.081,0.89
2025-07-11,Line C,PART-674,Assembly Gap,0.0065,48.5,51.5,48.569,0.464
2025-07-11,EV Line,PART-340,Assembly Gap,0.0678,48.5,51.5,50.466,0.734
2025-07-11,Battery Line,PART-702,Paint Defect,0.0091,48.5,51.5,50.076,0.544
2025-07-12,Line A,PART-275,Dimension Variation,0.08,48.5,51.5,51.312,0.36
2025-07-12,Line B,PART-961,Sensor Failure,0.0196,48.5,51.5,50.947,0.153
2025-07-12,Line C,PART-565,Sensor Failure,0.0677,48.5,51.5,50.336,0.742
2025-07-12,EV Line,PART-229,Surface Scratch,0.0034,48.5,51.5,49.694,0.872
2025-07-12,Battery Line,PART-700,Paint Defect,0.0353,48.5,51.5,52.053,0.304
2025-07-13,Line A,PART-238,Welding Defect,0.0604,48.5,51.5,51.343,0.69
2025-07-13,Line B,PART-456,Welding Defect,0.0546,48.5,51.5,50.48,0.292
2025-07-13,Line C,PART-346,Sensor Failure,0.0643,48.5,51.5,49.986,0.801
2025-07-13,EV Line,PART-698,Paint Defect,0.0758,48.5,51.5,50.651,0.753
2025-07-13,Battery Line,PART-845,Welding Defect,0.0306,48.5,51.5,50.855,0.229
2025-07-14,Line A,PART-420,Assembly Gap,0.0725,48.5,51.5,49.944,0.891
2025-07-14,Line B,PART-571,Paint Defect,0.0517,48.5,51.5,50.033,0.496
2025-07-14,Line C,PART-636,Assembly Gap,0.0331,48.5,51.5,50.253,0.438
2025-07-14,EV Line,PART-469,Surface Scratch,0.0304,48.5,51.5,49.203,0.709
2025-07-14,Battery Line,PART-198,Paint Defect,0.0659,48.5,51.5,51.193,0.89
2025-07-15,Line A,PART-249,Paint Defect,0.083,48.5,51.5,50.533,0.266
2025-07-15,Line B,PART-375,Sensor Failure,0.0452,48.5,51.5,49.281,0.161
2025-07-15,Line C,PART-489,Welding Defect,0.0801,48.5,51.5,49.932,0.377
2025-07-15,EV Line,PART-205,Surface Scratch,0.0931,48.5,51.5,51.036,0.593
2025-07-15,Battery Line,PART-841,Dimension Variation,0.0237,48.5,51.5,50.205,0.74
2025-07-16,Line A,PART-241,Surface Scratch,0.0663,48.5,51.5,49.978,0.388
2025-07-16,Line B,PART-501,Welding Defect,0.0048,48.5,51.5,49.648,0.535
2025-07-16,Line C,PART-372,Surface Scratch,0.0487,48.5,51.5,50.904,0.383
2025-07-16,EV Line,PART-549,Dimension Variation,0.0752,48.5,51.5,49.512,0.652
2025-07-16,Battery Line,PART-713,Surface Scratch,0.0385,48.5,51.5,49.736,0.433
2025-07-17,Line A,PART-819,Sensor Failure,0.0547,48.5,51.5,49.581,0.492
2025-07-17,Line B,PART-625,Surface Scratch,0.034,48.5,51.5,50.128,0.573
2025-07-17,Line C,PART-722,Assembly Gap,0.0988,48.5,51.5,49.173,0.517
2025-07-17,EV Line,PART-173,Paint Defect,0.0744,48.5,51.5,50.054,0.889
2025-07-17,Battery Line,PART-341,Dimension Variation,0.0583,48.5,51.5,50.259,0.835
2025-07-18,Line A,PART-487,Dimension Variation,0.0638,48.5,51.5,50.764,0.876
2025-07-18,Line B,PART-270,Welding Defect,0.0482,48.5,51.5,48.215,0.656
2025-07-18,Line C,PART-355,Paint Defect,0.0156,48.5,51.5,50.117,0.262
2025-07-18,EV Line,PART-914,Sensor Failure,0.0588,48.5,51.5,51.162,0.243
2025-07-18,Battery Line,PART-432,Assembly Gap,0.06,48.5,51.5,51.198,0.318
2025-07-19,Line A,PART-695,Assembly Gap,0.085,48.5,51.5,50.133,0.781
2025-07-19,Line B,PART-720,Surface Scratch,0.0916,48.5,51.5,49.705,0.619
2025-07-19,Line C,PART-987,Surface Scratch,0.0427,48.5,51.5,50.401,0.598
2025-07-19,EV Line,PART-867,Surface Scratch,0.03,48.5,51.5,49.126,0.421
2025-07-19,Battery Line,PART-505,Surface Scratch,0.0928,48.5,51.5,51.767,0.39
2025-07-20,Line A,PART-931,Assembly Gap,0.0508,48.5,51.5,49.87,0.333
2025-07-20,Line B,PART-316,Sensor Failure,0.0753,48.5,51.5,50.023,0.357
2025-07-20,Line C,PART-611,Surface Scratch,0.0512,48.5,51.5,49.235,0.647
2025-07-20,EV Line,PART-393,Paint Defect,0.0033,48.5,51.5,49.266,0.151
2025-07-20,Battery Line,PART-230,Assembly Gap,0.0681,48.5,51.5,49.295,0.683
2025-07-21,Line A,PART-914,Surface Scratch,0.0825,48.5,51.5,49.603,0.192
2025-07-21,Line B,PART-348,Paint Defect,0.0551,48.5,51.5,51.47,0.61
2025-07-21,Line C,PART-351,Assembly Gap,0.0089,48.5,51.5,50.517,0.307
2025-07-21,EV Line,PART-884,Dimension Variation,0.0489,48.5,51.5,50.686,0.82
2025-07-21,Battery Line,PART-650,Sensor Failure,0.0544,48.5,51.5,50.052,0.204
2025-07-22,Line A,PART-254,Assembly Gap,0.0932,48.5,51.5,50.758,0.341
2025-07-22,Line B,PART-934,Dimension Variation,0.0601,48.5,51.5,49.524,0.172
2025-07-22,Line C,PART-791,Welding Defect,0.0736,48.5,51.5,50.903,0.482
2025-07-22,EV Line,PART-543,Dimension Variation,0.0825,48.5,51.5,50.274,0.851
2025-07-22,Battery Line,PART-119,Assembly Gap,0.0781,48.5,51.5,48.905,0.48
2025-07-23,Line A,PART-612,Surface Scratch,0.0479,48.5,51.5,49.295,0.665
2025-07-23,Line B,PART-549,Surface Scratch,0.014,48.5,51.5,48.564,0.834
2025-07-23,Line C,PART-794,Assembly Gap,0.0563,48.5,51.5,48.881,0.645
2025-07-23,EV Line,PART-904,Surface Scratch,0.0781,48.5,51.5,49.29,0.367
2025-07-23,Battery Line,PART-157,Welding Defect,0.0087,48.5,51.5,49.315,0.525
2025-07-24,Line A,PART-641,Dimension Variation,0.0228,48.5,51.5,50.183,0.775
2025-07-24,Line B,PART-146,Assembly Gap,0.0381,48.5,51.5,50.654,0.239
2025-07-24,Line C,PART-839,Surface Scratch,0.0571,48.5,51.5,50.123,0.646
2025-07-24,EV Line,PART-513,Paint Defect,0.0058,48.5,51.5,49.267,0.557
2025-07-24,Battery Line,PART-116,Assembly Gap,0.0674,48.5,51.5,50.073,0.192
2025-07-25,Line A,PART-766,Assembly Gap,0.0968,48.5,51.5,51.48,0.494
2025-07-25,Line B,PART-310,Assembly Gap,0.0202,48.5,51.5,49.332,0.591
2025-07-25,Line C,PART-706,Welding Defect,0.0359,48.5,51.5,50.051,0.623
2025-07-25,EV Line,PART-669,Paint Defect,0.0634,48.5,51.5,49.092,0.297
2025-07-25,Battery Line,PART-533,Sensor Failure,0.0495,48.5,51.5,51.211,0.621
2025-07-26,Line A,PART-130,Paint Defect,0.0881,48.5,51.5,49.161,0.485
2025-07-26,Line B,PART-802,Welding Defect,0.0643,48.5,51.5,49.515,0.678
2025-07-26,Line C,PART-248,Sensor Failure,0.0503,48.5,51.5,50.305,0.182
2025-07-26,EV Line,PART-461,Paint Defect,0.0168,48.5,51.5,51.816,0.761
2025-07-26,Battery Line,PART-432,Surface Scratch,0.0828,48.5,51.5,49.563,0.868
2025-07-27,Line A,PART-989,Dimension Variation,0.0483,48.5,51.5,51.794,0.534
2025-07-27,Line B,PART-894,Paint Defect,0.0666,48.5,51.5,50.293,0.411
2025-07-27,Line C,PART-953,Sensor Failure,0.0989,48.5,51.5,51.041,0.383
2025-07-27,EV Line,PART-227,Assembly Gap,0.0136,48.5,51.5,48.982,0.353
2025-07-27,Battery Line,PART-108,Paint Defect,0.0971,48.5,51.5,50.439,0.579
2025-07-28,Line A,PART-153,Assembly Gap,0.0343,48.5,51.5,50.224,0.472
2025-07-28,Line B,PART-441,Assembly Gap,0.0871,48.5,51.5,50.091,0.286
2025-07-28,Line C,PART-530,Surface Scratch,0.0442,48.5,51.5,50.968,0.645
2025-07-28,EV Line,PART-382,Sensor Failure,0.0926,48.5,51.5,48.254,0.466
2025-07-28,Battery Line,PART-494,Paint Defect,0.0542,48.5,51.5,49.484,0.698
2025-07-29,Line A,PART-273,Paint Defect,0.0436,48.5,51.5,49.347,0.322
2025-07-29,Line B,PART-142,Surface Scratch,0.0536,48.5,51.5,50.066,0.576
2025-07-29,Line C,PART-844,Welding Defect,0.0254,48.5,51.5,48.416,0.637
2025-07-29,EV Line,PART-879,Dimension Variation,0.0342,48.5,51.5,49.658,0.888
2025-07-29,Battery Line,PART-855,Assembly Gap,0.0916,48.5,51.5,50.467,0.753
2025-07-30,Line A,PART-575,Welding Defect,0.0508,48.5,51.5,51.046,0.612
2025-07-30,Line B,PART-898,Paint Defect,0.0269,48.5,51.5,49.353,0.522
2025-07-30,Line C,PART-448,Assembly Gap,0.0599,48.5,51.5,52.114,0.425
2025-07-30,EV Line,PART-844,Paint Defect,0.0404,48.5,51.5,48.295,0.178
2025-07-30,Battery Line,PART-319,Sensor Failure,0.0134,48.5,51.5,48.175,0.291
2025-07-31,Line A,PART-247,Welding Defect,0.0584,48.5,51.5,48.616,0.467
2025-07-31,Line B,PART-279,Paint Defect,0.0166,48.5,51.5,50.865,0.657
2025-07-31,Line C,PART-807,Surface Scratch,0.0725,48.5,51.5,50.006,0.183
2025-07-31,EV Line,PART-837,Assembly Gap,0.0481,48.5,51.5,50.171,0.584
2025-07-31,Battery Line,PART-383,Sensor Failure,0.091,48.5,51.5,50.708,0.236
2025-08-01,Line A,PART-574,Welding Defect,0.0295,48.5,51.5,49.876,0.4
2025-08-01,Line B,PART-560,Sensor Failure,0.0792,48.5,51.5,50.893,0.815
2025-08-01,Line C,PART-437,Dimension Variation,0.0435,48.5,51.5,50.065,0.854
2025-08-01,EV Line,PART-256,Paint Defect,0.0333,48.5,51.5,48.822,0.765
2025-08-01,Battery Line,PART-264,Surface Scratch,0.0936,48.5,51.5,49.944,0.245
2025-08-02,Line A,PART-154,Dimension Variation,0.0048,48.5,51.5,50.759,0.399
2025-08-02,Line B,PART-982,Paint Defect,0.0302,48.5,51.5,49.436,0.708
2025-08-02,Line C,PART-404,Paint Defect,0.0834,48.5,51.5,50.012,0.333
2025-08-02,EV Line,PART-471,Dimension Variation,0.0559,48.5,51.5,51.225,0.542
2025-08-02,Battery Line,PART-735,Welding Defect,0.0346,48.5,51.5,48.86,0.605
2025-08-03,Line A,PART-875,Assembly Gap,0.0856,48.5,51.5,49.965,0.243
2025-08-03,Line B,PART-276,Dimension Variation,0.0468,48.5,51.5,50.247,0.855
2025-08-03,Line C,PART-615,Surface Scratch,0.0752,48.5,51.5,48.544,0.896
2025-08-03,EV Line,PART-614,Paint Defect,0.0047,48.5,51.5,49.702,0.796
2025-08-03,Battery Line,PART-808,Paint Defect,0.0987,48.5,51.5,50.641,0.257
2025-08-04,Line A,PART-124,Dimension Variation,0.089,48.5,51.5,51.169,0.761
2025-08-04,Line B,PART-947,Paint Defect,0.0095,48.5,51.5,50.141,0.684
2025-08-04,Line C,PART-850,Welding Defect,0.0543,48.5,51.5,49.471,0.759
2025-08-04,EV Line,PART-424,Sensor Failure,0.0785,48.5,51.5,49.549,0.304
2025-08-04,Battery Line,PART-147,Paint Defect,0.0295,48.5,51.5,50.0,0.458
2025-08-05,Line A,PART-703,Welding Defect,0.0732,48.5,51.5,51.836,0.417
2025-08-05,Line B,PART-411,Dimension Variation,0.0112,48.5,51.5,48.208,0.519
2025-08-05,Line C,PART-355,Assembly Gap,0.0836,48.5,51.5,51.11,0.765
2025-08-05,EV Line,PART-568,Surface Scratch,0.029,48.5,51.5,49.78,0.615
2025-08-05,Battery Line,PART-524,Assembly Gap,0.0329,48.5,51.5,47.911,0.419
2025-08-06,Line A,PART-726,Welding Defect,0.0247,48.5,51.5,49.774,0.364
2025-08-06,Line B,PART-140,Sensor Failure,0.0959,48.5,51.5,50.666,0.888
2025-08-06,Line C,PART-845,Welding Defect,0.0439,48.5,51.5,50.132,0.889
2025-08-06,EV Line,PART-348,Welding Defect,0.0511,48.5,51.5,50.218,0.704
2025-08-06,Battery Line,PART-591,Dimension Variation,0.083,48.5,51.5,49.503,0.646
2025-08-07,Line A,PART-191,Assembly Gap,0.0181,48.5,51.5,50.244,0.808
2025-08-07,Line B,PART-567,Assembly Gap,0.0072,48.5,51.5,50.288,0.661
2025-08-07,Line C,PART-761,Assembly Gap,0.0269,48.5,51.5,49.367,0.7
2025-08-07,EV Line,PART-918,Paint Defect,0.0251,48.5,51.5,50.168,0.653
2025-08-07,Battery Line,PART-190,Paint Defect,0.0287,48.5,51.5,48.962,0.277
2025-08-08,Line A,PART-835,Surface Scratch,0.0662,48.5,51.5,48.748,0.452
2025-08-08,Line B,PART-718,Welding Defect,0.0935,48.5,51.5,49.481,0.244
2025-08-08,Line C,PART-163,Welding Defect,0.0542,48.5,51.5,48.909,0.727
2025-08-08,EV Line,PART-830,Paint Defect,0.0377,48.5,51.5,49.917,0.773
2025-08-08,Battery Line,PART-529,Dimension Variation,0.0644,48.5,51.5,50.35,0.645
2025-08-09,Line A,PART-579,Paint Defect,0.0292,48.5,51.5,50.657,0.231
2025-08-09,Line B,PART-741,Welding Defect,0.0581,48.5,51.5,49.141,0.632
2025-08-09,Line C,PART-346,Paint Defect,0.0865,48.5,51.5,48.737,0.767
2025-08-09,EV Line,PART-219,Surface Scratch,0.0694,48.5,51.5,49.479,0.875
2025-08-09,Battery Line,PART-453,Paint Defect,0.0048,48.5,51.5,50.991,0.729
2025-08-10,Line A,PART-720,Sensor Failure,0.0691,48.5,51.5,50.682,0.196
2025-08-10,Line B,PART-929,Dimension Variation,0.0712,48.5,51.5,49.111,0.852
2025-08-10,Line C,PART-291,Paint Defect,0.0488,48.5,51.5,50.299,0.344
2025-08-10,EV Line,PART-102,Welding Defect,0.0664,48.5,51.5,48.656,0.336
2025-08-10,Battery Line,PART-317,Dimension Variation,0.0541,48.5,51.5,49.708,0.17
2025-08-11,Line A,PART-568,Paint Defect,0.0985,48.5,51.5,50.99,0.769
2025-08-11,Line B,PART-665,Sensor Failure,0.062,48.5,51.5,51.634,0.261
2025-08-11,Line C,PART-768,Assembly Gap,0.0462,48.5,51.5,49.989,0.585
2025-08-11,EV Line,PART-439,Paint Defect,0.0604,48.5,51.5,51.047,0.87
2025-08-11,Battery Line,PART-478,Sensor Failure,0.0735,48.5,51.5,50.184,0.828
2025-08-12,Line A,PART-134,Sensor Failure,0.035,48.5,51.5,50.398,0.235
2025-08-12,Line B,PART-659,Assembly Gap,0.0988,48.5,51.5,48.403,0.87
2025-08-12,Line C,PART-671,Dimension Variation,0.0487,48.5,51.5,51.399,0.713
2025-08-12,EV Line,PART-894,Paint Defect,0.078,48.5,51.5,48.497,0.527
2025-08-12,Battery Line,PART-825,Welding Defect,0.0219,48.5,51.5,49.218,0.57
2025-08-13,Line A,PART-257,Welding Defect,0.0586,48.5,51.5,49.766,0.566
2025-08-13,Line B,PART-671,Dimension Variation,0.0809,48.5,51.5,50.479,0.322
2025-08-13,Line C,PART-365,Paint Defect,0.0943,48.5,51.5,49.426,0.779
2025-08-13,EV Line,PART-597,Dimension Variation,0.0695,48.5,51.5,49.337,0.895
2025-08-13,Battery Line,PART-194,Surface Scratch,0.0964,48.5,51.5,49.969,0.443
2025-08-14,Line A,PART-176,Assembly Gap,0.0757,48.5,51.5,51.2,0.77
2025-08-14,Line B,PART-172,Welding Defect,0.0416,48.5,51.5,48.755,0.159
2025-08-14,Line C,PART-962,Welding Defect,0.017,48.5,51.5,50.049,0.893
2025-08-14,EV Line,PART-835,Sensor Failure,0.0275,48.5,51.5,50.305,0.497
2025-08-14,Battery Line,PART-518,Surface Scratch,0.0964,48.5,51.5,49.517,0.459
2025-08-15,Line A,PART-253,Assembly Gap,0.0468,48.5,51.5,50.581,0.306
2025-08-15,Line B,PART-573,Welding Defect,0.0764,48.5,51.5,47.94,0.887
2025-08-15,Line C,PART-376,Assembly Gap,0.036,48.5,51.5,49.531,0.749
2025-08-15,EV Line,PART-270,Dimension Variation,0.0965,48.5,51.5,49.831,0.726
2025-08-15,Battery Line,PART-611,Dimension Variation,0.0368,48.5,51.5,51.616,0.29
2025-08-16,Line A,PART-564,Sensor Failure,0.0326,48.5,51.5,50.038,0.825
2025-08-16,Line B,PART-154,Paint Defect,0.0746,48.5,51.5,51.688,0.485
2025-08-16,Line C,PART-391,Surface Scratch,0.0278,48.5,51.5,49.884,0.575
2025-08-16,EV Line,PART-816,Welding Defect,0.0329,48.5,51.5,47.282,0.568
2025-08-16,Battery Line,PART-586,Surface Scratch,0.0112,48.5,51.5,49.913,0.792
2025-08-17,Line A,PART-330,Surface Scratch,0.0089,48.5,51.5,50.902,0.238
2025-08-17,Line B,PART-207,Welding Defect,0.0695,48.5,51.5,49.898,0.895
2025-08-17,Line C,PART-855,Dimension Variation,0.0222,48.5,51.5,48.188,0.868
2025-08-17,EV Line,PART-721,Assembly Gap,0.0327,48.5,51.5,49.273,0.837
2025-08-17,Battery Line,PART-766,Dimension Variation,0.0199,48.5,51.5,49.436,0.661
2025-08-18,Line A,PART-133,Sensor Failure,0.0832,48.5,51.5,50.165,0.232
2025-08-18,Line B,PART-904,Surface Scratch,0.0256,48.5,51.5,50.076,0.791
2025-08-18,Line C,PART-971,Dimension Variation,0.083,48.5,51.5,49.092,0.398
2025-08-18,EV Line,PART-816,Surface Scratch,0.0956,48.5,51.5,49.11,0.891
2025-08-18,Battery Line,PART-245,Surface Scratch,0.0464,48.5,51.5,49.363,0.68
2025-08-19,Line A,PART-852,Welding Defect,0.0672,48.5,51.5,49.404,0.163
2025-08-19,Line B,PART-113,Paint Defect,0.057,48.5,51.5,49.592,0.151
2025-08-19,Line C,PART-424,Assembly Gap,0.0375,48.5,51.5,49.462,0.618
2025-08-19,EV Line,PART-117,Paint Defect,0.0297,48.5,51.5,49.212,0.226
2025-08-19,Battery Line,PART-936,Dimension Variation,0.0604,48.5,51.5,50.019,0.381
2025-08-20,Line A,PART-338,Assembly Gap,0.0708,48.5,51.5,50.36,0.439
2025-08-20,Line B,PART-585,Paint Defect,0.0294,48.5,51.5,49.793,0.263
2025-08-20,Line C,PART-941,Welding Defect,0.0612,48.5,51.5,49.895,0.156
2025-08-20,EV Line,PART-684,Sensor Failure,0.0051,48.5,51.5,48.658,0.187
2025-08-20,Battery Line,PART-402,Assembly Gap,0.0902,48.5,51.5,49.428,0.817
2025-08-21,Line A,PART-371,Paint Defect,0.0987,48.5,51.5,49.88,0.413
2025-08-21,Line B,PART-598,Dimension Variation,0.0836,48.5,51.5,50.897,0.613
2025-08-21,Line C,PART-526,Paint Defect,0.0658,48.5,51.5,49.628,0.724
2025-08-21,EV Line,PART-698,Welding Defect,0.0115,48.5,51.5,48.659,0.596
2025-08-21,Battery Line,PART-114,Dimension Variation,0.0543,48.5,51.5,49.371,0.819
2025-08-22,Line A,PART-317,Sensor Failure,0.0907,48.5,51.5,50.195,0.552
2025-08-22,Line B,PART-245,Welding Defect,0.0405,48.5,51.5,49.239,0.424
2025-08-22,Line C,PART-278,Sensor Failure,0.0905,48.5,51.5,49.287,0.411
2025-08-22,EV Line,PART-369,Welding Defect,0.0977,48.5,51.5,47.236,0.681
2025-08-22,Battery Line,PART-837,Dimension Variation,0.0312,48.5,51.5,50.566,0.833
2025-08-23,Line A,PART-769,Welding Defect,0.0903,48.5,51.5,49.671,0.894
2025-08-23,Line B,PART-202,Paint Defect,0.054,48.5,51.5,50.853,0.518
2025-08-23,Line C,PART-888,Surface Scratch,0.0179,48.5,51.5,48.504,0.618
2025-08-23,EV Line,PART-185,Dimension Variation,0.0953,48.5,51.5,50.983,0.298
2025-08-23,Battery Line,PART-547,Surface Scratch,0.0999,48.5,51.5,50.104,0.637
2025-08-24,Line A,PART-564,Sensor Failure,0.0643,48.5,51.5,50.464,0.318
2025-08-24,Line B,PART-770,Welding Defect,0.0088,48.5,51.5,48.925,0.622
2025-08-24,Line C,PART-671,Welding Defect,0.0771,48.5,51.5,50.224,0.756
2025-08-24,EV Line,PART-903,Paint Defect,0.0758,48.5,51.5,52.494,0.406
2025-08-24,Battery Line,PART-263,Assembly Gap,0.0679,48.5,51.5,49.764,0.579
2025-08-25,Line A,PART-673,Dimension Variation,0.0445,48.5,51.5,48.51,0.584
2025-08-25,Line B,PART-417,Dimension Variation,0.0311,48.5,51.5,49.265,0.629
2025-08-25,Line C,PART-914,Surface Scratch,0.0234,48.5,51.5,49.806,0.207
2025-08-25,EV Line,PART-907,Sensor Failure,0.0643,48.5,51.5,49.516,0.51
2025-08-25,Battery Line,PART-883,Sensor Failure,0.0744,48.5,51.5,49.078,0.546
2025-08-26,Line A,PART-306,Sensor Failure,0.0226,48.5,51.5,50.235,0.441
2025-08-26,Line B,PART-620,Surface Scratch,0.0221,48.5,51.5,50.355,0.841
2025-08-26,Line C,PART-738,Assembly Gap,0.0764,48.5,51.5,49.66,0.651
2025-08-26,EV Line,PART-167,Assembly Gap,0.0484,48.5,51.5,50.359,0.512
2025-08-26,Battery Line,PART-673,Welding Defect,0.091,48.5,51.5,49.472,0.676
2025-08-27,Line A,PART-511,Surface Scratch,0.098,48.5,51.5,49.511,0.406
2025-08-27,Line B,PART-677,Paint Defect,0.0907,48.5,51.5,50.006,0.194
2025-08-27,Line C,PART-845,Dimension Variation,0.0066,48.5,51.5,49.435,0.735
2025-08-27,EV Line,PART-952,Paint Defect,0.0425,48.5,51.5,49.883,0.721
2025-08-27,Battery Line,PART-627,Paint Defect,0.0565,48.5,51.5,50.281,0.383
2025-08-28,Line A,PART-956,Dimension Variation,0.0158,48.5,51.5,49.849,0.647
2025-08-28,Line B,PART-606,Surface Scratch,0.0486,48.5,51.5,48.53,0.229
2025-08-28,Line C,PART-119,Surface Scratch,0.0398,48.5,51.5,49.812,0.891
2025-08-28,EV Line,PART-234,Sensor Failure,0.0624,48.5,51.5,49.968,0.479
2025-08-28,Battery Line,PART-994,Surface Scratch,0.0104,48.5,51.5,50.677,0.463
